ClassName;FileName;Parameter;ParamIniVal;SourcecodeVal;
TDaylength;Components\CERES Wheat\Daylength.pas;Latitude;50.811217;51;0.188783
TDaylength;;sowingdate;45931;NOT FOUND;#WERT!
TDevelopment;Components\CERES Wheat\Development.pas;sowingdate;45931;300;45631
TDevelopment;Components\CERES Wheat\Development.pas;fdl;0;0;0
TDevelopment;Components\CERES Wheat\Development.pas;Ini_inLMS;4;4;0
TDevelopment;Components\CERES Wheat\Development.pas;Internode;3;3;0
TDevelopment;Components\CERES Wheat\Development.pas;MaxPhotoperiod;20;20;0
TDevelopment;Components\CERES Wheat\Development.pas;MaxVernDays;50;50;0
TDevelopment;Components\CERES Wheat\Development.pas;minLeaf_number;7;7;0
TDevelopment;Components\CERES Wheat\Development.pas;p1d;2.76;2.76;0
TDevelopment;Components\CERES Wheat\Development.pas;p1v;2.84;2.84;0
TDevelopment;Components\CERES Wheat\Development.pas;p3;183.48;183.48;0
TDevelopment;Components\CERES Wheat\Development.pas;p4;200;200;0
TDevelopment;Components\CERES Wheat\Development.pas;p5;11.67;11.67;0
TDevelopment;Components\CERES Wheat\Development.pas;p9;139.9;139.9;0
TDevelopment;Components\CERES Wheat\Development.pas;Ph39;101.56;101.56;0
TDevelopment;Components\CERES Wheat\Development.pas;phint;91.74;91.74;0
TDevelopment;Components\CERES Wheat\Development.pas;plastochron;68.3914;68.3914;0
TDevelopment;Components\CERES Wheat\Development.pas;sdepth;3;3;0
TDevelopment;Components\CERES Wheat\Development.pas;tBase;0;0;0
TDevelopment;Components\CERES Wheat\Development.pas;TSumInternode;97.09;97.09;0
TDevelopment;Components\CERES Wheat\Development.pas;VernMaxTemp;18;18;0
TDevelopment;Components\CERES Wheat\Development.pas;VernMinTemp;-0.5;-0.5;0
TDevelopment;Components\CERES Wheat\Development.pas;VernOptTemp1;0.5;0.5;0
TDevelopment;Components\CERES Wheat\Development.pas;VernOptTemp2;6;6;0
TDevelopment;Components\CERES Wheat\Development.pas;xstage_fin_leaf_prim;1.78171;1.78171;0
THumeWheatDryMatter;Components\CERES Wheat\UHumeWheatDryMatter.pas;pSWDF;1.5;1;0.5
THumeWheatDryMatter;;sowingdate;45931;NOT FOUND;#WERT!
THumeWheatDryMatter;Components\CERES Wheat\UHumeWheatDryMatter.pas;CiCompensation;350;350;0
THumeWheatDryMatter;Components\CERES Wheat\UHumeWheatDryMatter.pas;critTempDiff;8;8;0
THumeWheatDryMatter;Components\CERES Wheat\UHumeWheatDryMatter.pas;fCO2;0.086;0.086;0
THumeWheatDryMatter;Components\CERES Wheat\UHumeWheatDryMatter.pas;fCO2_scale;0.723;0.723;0
THumeWheatDryMatter;Components\CERES Wheat\UHumeWheatDryMatter.pas;fCWSI;0.077;0.077;0
THumeWheatDryMatter;Components\CERES Wheat\UHumeWheatDryMatter.pas;k_inc;-0.06;-0.06;0
THumeWheatDryMatter;Components\CERES Wheat\UHumeWheatDryMatter.pas;k_ini;0.75;0.75;0
THumeWheatDryMatter;Components\CERES Wheat\UHumeWheatDryMatter.pas;kPAR;0.7;0.7;0
THumeWheatDryMatter;Components\CERES Wheat\UHumeWheatDryMatter.pas;pLUE;3.1;3.1;0
THumeWheatDryMatter;Components\CERES Wheat\UHumeWheatDryMatter.pas;SLN_crit_inc;-0.228;-0.228;0
THumeWheatDryMatter;Components\CERES Wheat\UHumeWheatDryMatter.pas;SLN_crit_int;3.74;3.74;0
THumeWheatDryMatter;Components\CERES Wheat\UHumeWheatDryMatter.pas;SLNI_a;-0.197;-0.197;0
THumeWheatDryMatter;Components\CERES Wheat\UHumeWheatDryMatter.pas;SLNI_b;2.8;2.8;0
THumeWheatDryMatter;Components\CERES Wheat\UHumeWheatDryMatter.pas;SLNI_c;-1.6;-1.6;0
THumeWheatDryMatter;Components\CERES Wheat\UHumeWheatDryMatter.pas;Tmax;35;35;0
THumeWheatDryMatter;Components\CERES Wheat\UHumeWheatDryMatter.pas;TmaxweightingF;0.567;0.567;0
THumeWheatDryMatter;Components\CERES Wheat\UHumeWheatDryMatter.pas;Tmin;0;0;0
THumeWheatDryMatter;Components\CERES Wheat\UHumeWheatDryMatter.pas;Topt_WE;20;20;0
THumeWheatDryMatter;Components\CERES Wheat\UHumeWheatDryMatter.pas;Topt1;10;10;0
THumeWheatDryMatter;Components\CERES Wheat\UHumeWheatDryMatter.pas;Topt2;20;20;0
THumeWheatPartitioning;Components\PlantComponents\UAbstractPlant.pas;sowingdate;45931;0;45931
THumeWheatPartitioning;Components\CERES Wheat\UHumeWheatPartitioning.pas;dECDP;250;250;0
THumeWheatPartitioning;Components\CERES Wheat\UHumeWheatPartitioning.pas;EC_LGend;39;39;0
THumeWheatPartitioning;Components\CERES Wheat\UHumeWheatPartitioning.pas;ECcritNcLeaf;27;27;0
THumeWheatPartitioning;Components\CERES Wheat\UHumeWheatPartitioning.pas;fFineRoot0;0.653;0.653;0
THumeWheatPartitioning;Components\CERES Wheat\UHumeWheatPartitioning.pas;fFineRootDec;0.000501;0.000501;0
THumeWheatPartitioning;Components\CERES Wheat\UHumeWheatPartitioning.pas;fRootN_ini;0.4;0.4;0
THumeWheatPartitioning;Components\CERES Wheat\UHumeWheatPartitioning.pas;fRootN_min;0.1;0.1;0
THumeWheatPartitioning;Components\CERES Wheat\UHumeWheatPartitioning.pas;g;1.46;1.46;0
THumeWheatPartitioning;Components\CERES Wheat\UHumeWheatPartitioning.pas;GM4;144.6;144.6;0
THumeWheatPartitioning;Components\CERES Wheat\UHumeWheatPartitioning.pas;GM4_2;2.6233;2.6233;0
THumeWheatPartitioning;Components\CERES Wheat\UHumeWheatPartitioning.pas;h;-2.13;-2.13;0
THumeWheatPartitioning;Components\PlantComponents\UAbstractPlant.pas;HarvestDate;1000000;1.00E+06;0
THumeWheatPartitioning;Components\CERES Wheat\UHumeWheatPartitioning.pas;HImin;0.51;0.51;0
THumeWheatPartitioning;Components\CERES Wheat\UHumeWheatPartitioning.pas;Ini_SEEDRV;0.05;0.05;0
THumeWheatPartitioning;Components\CERES Wheat\UHumeWheatPartitioning.pas;iniGRNWT;3.5;3.5;0
THumeWheatPartitioning;Components\CERES Wheat\UHumeWheatPartitioning.pas;iniLA;5;5;0
THumeWheatPartitioning;Components\CERES Wheat\UHumeWheatPartitioning.pas;k_SEEDRV;0.15;0.15;0
THumeWheatPartitioning;Components\CERES Wheat\UHumeWheatPartitioning.pas;k1;0.0018;0.0018;0
THumeWheatPartitioning;Components\CERES Wheat\UHumeWheatPartitioning.pas;k2;10;10;0
THumeWheatPartitioning;Components\CERES Wheat\UHumeWheatPartitioning.pas;maxNcStem;7;7;0
THumeWheatPartitioning;Components\CERES Wheat\UHumeWheatPartitioning.pas;maxNNI;1.5;1.5;0
THumeWheatPartitioning;Components\CERES Wheat\UHumeWheatPartitioning.pas;maxNupTake;6;6;0
THumeWheatPartitioning;Components\CERES Wheat\UHumeWheatPartitioning.pas;NcLeafMin;4.5;4.5;0
THumeWheatPartitioning;Components\CERES Wheat\UHumeWheatPartitioning.pas;NcLeafVf1;-0.0061;-0.0061;0
THumeWheatPartitioning;Components\CERES Wheat\UHumeWheatPartitioning.pas;NcLeafVf2;5.9543;5.9543;0
THumeWheatPartitioning;Components\CERES Wheat\UHumeWheatPartitioning.pas;NcStem_a;0.1475;0.1475;0
THumeWheatPartitioning;Components\CERES Wheat\UHumeWheatPartitioning.pas;NcStem_b;0.0011;0.0011;0
THumeWheatPartitioning;Components\CERES Wheat\UHumeWheatPartitioning.pas;NcStemMin;4;4;0
THumeWheatPartitioning;Components\CERES Wheat\UHumeWheatPartitioning.pas;NNIcrit;1.377;1.377;0
THumeWheatPartitioning;Components\CERES Wheat\UHumeWheatPartitioning.pas;NNIinc;0.595;0.595;0
THumeWheatPartitioning;Components\PlantComponents\UAbstractPlant.pas;Par_ExtCoeffPAR;0.675;0.675;0
THumeWheatPartitioning;Components\PlantComponents\UAbstractPlant.pas;Par_Psi2;200;200;0
THumeWheatPartitioning;Components\PlantComponents\UAbstractPlant.pas;Par_rc0;50;50;0
THumeWheatPartitioning;Components\PlantComponents\UAbstractPlant.pas;Par_Weff;100;100;0
THumeWheatPartitioning;Components\CERES Wheat\UHumeWheatPartitioning.pas;pBioPostAnth;-0.48536;-0.48536;0
THumeWheatPartitioning;Components\CERES Wheat\UHumeWheatPartitioning.pas;pBioPreAnth;0.50254;0.50254;0
THumeWheatPartitioning;Components\CERES Wheat\UHumeWheatPartitioning.pas;pBioPreAnth2;-4.67E-06;-4.6665E-06;0
THumeWheatPartitioning;Components\CERES Wheat\UHumeWheatPartitioning.pas;pDMTrans;25;25;0
THumeWheatPartitioning;Components\CERES Wheat\UHumeWheatPartitioning.pas;pintercept;33.989;33.989;0
THumeWheatPartitioning;Components\CERES Wheat\UHumeWheatPartitioning.pas;Plants;350;350;0
THumeWheatPartitioning;Components\CERES Wheat\UHumeWheatPartitioning.pas;pNdefAllo;0.63;0.63;0
THumeWheatPartitioning;Components\CERES Wheat\UHumeWheatPartitioning.pas;psi_crit;2.24499;2.24499;0
THumeWheatPartitioning;Components\CERES Wheat\UHumeWheatPartitioning.pas;psi_s;0.2956942;0.2956942;0
THumeWheatPartitioning;Components\CERES Wheat\UHumeWheatPartitioning.pas;PsiSen1;3.6;3.6;0
THumeWheatPartitioning;Components\CERES Wheat\UHumeWheatPartitioning.pas;PsiSen12;2.5;2.5;0
THumeWheatPartitioning;Components\CERES Wheat\UHumeWheatPartitioning.pas;QHI_INC;0.196;0.196;0
THumeWheatPartitioning;Components\CERES Wheat\UHumeWheatPartitioning.pas;QHI_INT;0.2786;0.2786;0
THumeWheatPartitioning;Components\CERES Wheat\UHumeWheatPartitioning.pas;relLayerN_Int1;0.3305;0.3305;0
THumeWheatPartitioning;Components\CERES Wheat\UHumeWheatPartitioning.pas;relLayerN_Int2;0.2783;0.2783;0
THumeWheatPartitioning;Components\CERES Wheat\UHumeWheatPartitioning.pas;relLayerN_Int3;0.2292;0.2292;0
THumeWheatPartitioning;Components\CERES Wheat\UHumeWheatPartitioning.pas;relLayerN_S1;0.0104;0.0104;0
THumeWheatPartitioning;Components\CERES Wheat\UHumeWheatPartitioning.pas;relLayerN_S2;0.017;0.017;0
THumeWheatPartitioning;Components\CERES Wheat\UHumeWheatPartitioning.pas;relLayerN_S3;-0.0071;-0.0071;0
THumeWheatPartitioning;Components\CERES Wheat\UHumeWheatPartitioning.pas;rgr_GrainN;0.005;0.005;0
THumeWheatPartitioning;Components\CERES Wheat\UHumeWheatPartitioning.pas;rgr_NcLeafWinter;0.02;0.02;0
THumeWheatPartitioning;Components\CERES Wheat\UHumeWheatPartitioning.pas;rgr_NcStemWinter;0.02;0.02;0
THumeWheatPartitioning;Components\CERES Wheat\UHumeWheatPartitioning.pas;RND;0.008;0.008;0
THumeWheatPartitioning;Components\CERES Wheat\UHumeWheatPartitioning.pas;RNS;0.0015;0.0015;0
THumeWheatPartitioning;Components\CERES Wheat\UHumeWheatPartitioning.pas;TTfRootN;2000;2000;0
THumeWheatLeafArea;Components\CERES Wheat\UHumeWheatLeafArea.pas;Icrit;0.8;0.2;0.6
THumeWheatLeafArea;Components\CERES Wheat\UHumeWheatLeafArea.pas;aSLA;136.69;136.69;0
THumeWheatLeafArea;Components\CERES Wheat\UHumeWheatLeafArea.pas;bSLA;14.93;14.93;0
THumeWheatLeafArea;Components\CERES Wheat\UHumeWheatLeafArea.pas;critSLNtot;0.8;0.8;0
THumeWheatLeafArea;Components\CERES Wheat\UHumeWheatLeafArea.pas;f1_SLA;-1.1237;-1.1237;0
THumeWheatLeafArea;Components\CERES Wheat\UHumeWheatLeafArea.pas;f2_SLA;0.3;0.3;0
THumeWheatLeafArea;Components\CERES Wheat\UHumeWheatLeafArea.pas;fGAI;0.2;0.2;0
THumeWheatLeafArea;Components\CERES Wheat\UHumeWheatLeafArea.pas;kTransPAR;0.7;0.7;0
THumeWheatLeafArea;Components\CERES Wheat\UHumeWheatLeafArea.pas;maxPLALR;5;5;0
THumeWheatLeafArea;Components\CERES Wheat\UHumeWheatLeafArea.pas;maxSLA;250;250;0
THumeWheatLeafArea;Components\CERES Wheat\UHumeWheatLeafArea.pas;PSENLeaf1;0.0003;0.0003;0
THumeWheatLeafArea;Components\CERES Wheat\UHumeWheatLeafArea.pas;PSENLeaf2;0.0006;0.0006;0
THumeWheatLeafArea;Components\CERES Wheat\UHumeWheatLeafArea.pas;relLayerA_Int1;0.2976;0.2976;0
THumeWheatLeafArea;Components\CERES Wheat\UHumeWheatLeafArea.pas;relLayerA_Int2;0.2562;0.2562;0
THumeWheatLeafArea;Components\CERES Wheat\UHumeWheatLeafArea.pas;relLayerA_Int3;0.2404;0.2404;0
THumeWheatLeafArea;Components\CERES Wheat\UHumeWheatLeafArea.pas;relLayerA_S1;0.0087;0.0087;0
THumeWheatLeafArea;Components\CERES Wheat\UHumeWheatLeafArea.pas;relLayerA_S2;0.0187;0.0187;0
THumeWheatLeafArea;Components\CERES Wheat\UHumeWheatLeafArea.pas;relLayerA_S3;-0.0018;-0.0018;0
THumeWheatLeafArea;Components\CERES Wheat\UHumeWheatLeafArea.pas;relLayerM_Int1;0.2916;0.2916;0
THumeWheatLeafArea;Components\CERES Wheat\UHumeWheatLeafArea.pas;relLayerM_Int2;0.2694;0.2694;0
THumeWheatLeafArea;Components\CERES Wheat\UHumeWheatLeafArea.pas;relLayerM_Int3;0.2504;0.2504;0
THumeWheatLeafArea;Components\CERES Wheat\UHumeWheatLeafArea.pas;relLayerM_S1;0.0168;0.0168;0
THumeWheatLeafArea;Components\CERES Wheat\UHumeWheatLeafArea.pas;relLayerM_S2;0.0161;0.0161;0
THumeWheatLeafArea;Components\CERES Wheat\UHumeWheatLeafArea.pas;relLayerM_S3;-0.0089;-0.0089;0
THumeWheatLeafArea;Components\CERES Wheat\UHumeWheatLeafArea.pas;TRCrit;0.8;0.8;0
TSimpleRootModDM;Components\Rootgrowth\USimpleRootModDM.pas;zr_0;3;2;1
TSimpleRootModDM;Components\Rootgrowth\USimpleRootModDM.pas;Zrmax;120;160;40
TSimpleRootModDM;;sowingdate;45931;NOT FOUND;#WERT!
TSimpleRootModDM;Components\Rootgrowth\USimpleRootModDM.pas;ActiveDuration;200;200;0
TSimpleRootModDM;Components\Rootgrowth\USimpleRootModDM.pas;BaseTempRoots;0;0;0
TSimpleRootModDM;Components\Rootgrowth\USimpleRootModDM.pas;K_za;0.00394;0.00394;0
TSimpleRootModDM;Components\Rootgrowth\USimpleRootModDM.pas;K_zb;0.107;0.107;0
TSimpleRootModDM;Components\Rootgrowth\USimpleRootModDM.pas;Ratio;0.01731;0.01731;0
TSimpleRootModDM;Components\Rootgrowth\USimpleRootModDM.pas;sp_WL;7000;7000;0
TPenMonteith;Components\Evapotranspiration\UPenMonteith.pas;Elev;293;50;243
TPenMonteith;Components\Evapotranspiration\UPenMonteith.pas;measure_height;10;2;8
TPenMonteith;Components\Evapotranspiration\UPenMonteith.pas;CiThreshold;380;380;0
TPenMonteith;Components\Evapotranspiration\UPenMonteith.pas;exk_GlobRad;0.5;0.5;0
TPenMonteith;Components\Evapotranspiration\UPenMonteith.pas;rc0;50;50;0
TPenMonteith;Components\Evapotranspiration\UPenMonteith.pas;relRc0Inc_CO2;0.3878;0.3878;0
TPenMonteith;Components\Evapotranspiration\UPenMonteith.pas;SIC;0.15;0.15;0
TSoilNitrogenUp;Components\Soil\USoilWaterMod.pas;HoriNdx1;1;3;2
TSoilNitrogenUp;Components\Soil\USoilWaterMod.pas;HoriNdx2;3;6;3
TSoilNitrogenUp;Components\Soil\USoilWaterMod.pas;HoriNdx3;5;10;5
TSoilNitrogenUp;Components\Soil\USoilWaterMod.pas;HoriNdx4;10;20;10
TSoilNitrogenUp;Components\Soil\USoilWaterMod.pas;HoriNdx5;20;20;0
TSoilNitrogenUp;Components\Soil\USoilWaterMod.pas;HoriNdx6;20;20;0
TSoilNitrogenUp;Components\Soil\USoilWaterMod.pas;PsiStart1;500;500;0
TSoilNitrogenUp;Components\Soil\USoilWaterMod.pas;alpha_scaling;1;1;0
TSoilNitrogenUp;Components\Soil\USoilWaterMod.pas;alpha1;0.00677;0.00677;0
TSoilNitrogenUp;Components\Soil\USoilWaterMod.pas;alpha2;0.00677;0.00677;0
TSoilNitrogenUp;Components\Soil\USoilWaterMod.pas;alpha3;0.00677;0.00677;0
TSoilNitrogenUp;Components\Soil\USoilWaterMod.pas;alpha4;0.00677;0.00677;0
TSoilNitrogenUp;Components\Soil\USoilWaterMod.pas;alpha5;0.00677;0.00677;0
TSoilNitrogenUp;Components\Soil\USoilWaterMod.pas;alpha6;0.00677;0.00677;0
TSoilNitrogenUp;Components\Soil\URootedSoil.pas;Autoirri_nFKcrit;60;60;0
TSoilNitrogenUp;Components\Soil\USoilWaterMod.pas;b_rest1;0.09;0.09;0
TSoilNitrogenUp;Components\Soil\USoilWaterMod.pas;b_rest2;0.09;0.09;0
TSoilNitrogenUp;Components\Soil\USoilWaterMod.pas;b_rest3;0.09;0.09;0
TSoilNitrogenUp;Components\Soil\USoilWaterMod.pas;b_rest4;0.09;0.09;0
TSoilNitrogenUp;Components\Soil\USoilWaterMod.pas;b_rest5;0.09;0.09;0
TSoilNitrogenUp;Components\Soil\USoilWaterMod.pas;b_rest6;0.09;0.09;0
TSoilNitrogenUp;Components\Soil\USoilWaterMod.pas;b_sat1;0.4298;0.4298;0
TSoilNitrogenUp;Components\Soil\USoilWaterMod.pas;b_sat2;0.4298;0.4298;0
TSoilNitrogenUp;Components\Soil\USoilWaterMod.pas;b_sat3;0.4298;0.4298;0
TSoilNitrogenUp;Components\Soil\USoilWaterMod.pas;b_sat4;0.4298;0.4298;0
TSoilNitrogenUp;Components\Soil\USoilWaterMod.pas;b_sat5;0.4298;0.4298;0
TSoilNitrogenUp;Components\Soil\USoilWaterMod.pas;b_sat6;0.4298;0.4298;0
TSoilNitrogenUp;Components\Soil\USoilWaterMod.pas;bil_nr;18;18;0
TSoilNitrogenUp;Components\Soil\USoilWaterMod.pas;bsat_scaling;1;1;0
TSoilNitrogenUp;Components\Soil\USoilNitrogenUp.pas;Cmin;0;0;0
TSoilNitrogenUp;Components\Soil\URootedSoil.pas;CompFactor;0.5;0.5;0
TSoilNitrogenUp;Components\Soil\USoilNitrogen.pas;Dispersionlength;1;1;0
TSoilNitrogenUp;Components\Soil\URootedSoil.pas;feddes_a;400;400;0
TSoilNitrogenUp;Components\Soil\URootedSoil.pas;feddes_b;5;5;0
TSoilNitrogenUp;Components\Soil\URootedSoil.pas;feddes_c;1;1;0
TSoilNitrogenUp;Components\Soil\USoilWaterMod.pas;FK_1;0.35;0.35;0
TSoilNitrogenUp;Components\Soil\USoilWaterMod.pas;FK_2;0.35;0.35;0
TSoilNitrogenUp;Components\Soil\USoilWaterMod.pas;FK_3;0.35;0.35;0
TSoilNitrogenUp;Components\Soil\USoilWaterMod.pas;FK_4;0.35;0.35;0
TSoilNitrogenUp;Components\Soil\USoilWaterMod.pas;FK_5;0.35;0.35;0
TSoilNitrogenUp;Components\Soil\USoilWaterMod.pas;FK_6;0.35;0.35;0
TSoilNitrogenUp;Components\Soil\USoilNitrogen.pas;Imp_factor;0.5;0.5;0
TSoilNitrogenUp;Components\Soil\URootedSoil.pas;IrriAmount;10;10;0
TSoilNitrogenUp;Components\Soil\USoilWaterMod.pas;Itermax;7;7;0
TSoilNitrogenUp;Components\Soil\USoilWaterMod.pas;Ks_1;50;50;0
TSoilNitrogenUp;Components\Soil\USoilWaterMod.pas;Ks_2;50;50;0
TSoilNitrogenUp;Components\Soil\USoilWaterMod.pas;Ks_3;50;50;0
TSoilNitrogenUp;Components\Soil\USoilWaterMod.pas;Ks_4;50;50;0
TSoilNitrogenUp;Components\Soil\USoilWaterMod.pas;Ks_5;50;50;0
TSoilNitrogenUp;Components\Soil\USoilWaterMod.pas;Ks_6;50;50;0
TSoilNitrogenUp;Components\Soil\USoilWaterMod.pas;l_par1;0.5;0.5;0
TSoilNitrogenUp;Components\Soil\USoilWaterMod.pas;l_par2;0.5;0.5;0
TSoilNitrogenUp;Components\Soil\USoilWaterMod.pas;l_par3;0.5;0.5;0
TSoilNitrogenUp;Components\Soil\USoilWaterMod.pas;l_par4;0.5;0.5;0
TSoilNitrogenUp;Components\Soil\USoilWaterMod.pas;l_par5;0.5;0.5;0
TSoilNitrogenUp;Components\Soil\USoilWaterMod.pas;l_par6;0.5;0.5;0
TSoilNitrogenUp;Components\Soil\USoilNitrogen.pas;LeachingEndDay;1000000000;1.00E+09;0
TSoilNitrogenUp;Components\Soil\USoilNitrogen.pas;LeachingStartDay;0;0;0
TSoilNitrogenUp;Components\Soil\USoilWaterMod.pas;Max_aenderWG;0.001;0.001;0
TSoilNitrogenUp;Components\Soil\USoilWaterMod.pas;Max_dt;1;1;0
TSoilNitrogenUp;Components\Soil\USoilWaterMod.pas;Max_IterError;0.0001;0.0001;0
TSoilNitrogenUp;Components\Soil\USoilNitrogenUp.pas;Max_Wl_Nuptake;3.00E-09;3.00E-09;0
TSoilNitrogenUp;Components\Soil\UlayeredSoil.pas;MaxDepth;200;200;0
TSoilNitrogenUp;Components\Soil\USoilWaterMod.pas;Min_dt;0.0001;0.0001;0
TSoilNitrogenUp;Components\Soil\USoilWaterMod.pas;n_par1;1.29494;1.29494;0
TSoilNitrogenUp;Components\Soil\USoilWaterMod.pas;n_par2;1.29494;1.29494;0
TSoilNitrogenUp;Components\Soil\USoilWaterMod.pas;n_par3;1.29494;1.29494;0
TSoilNitrogenUp;Components\Soil\USoilWaterMod.pas;n_par4;1.29494;1.29494;0
TSoilNitrogenUp;Components\Soil\USoilWaterMod.pas;n_par5;1.29494;1.29494;0
TSoilNitrogenUp;Components\Soil\USoilWaterMod.pas;n_par6;1.29494;1.29494;0
TSoilNitrogenUp;Components\Soil\USoilWaterMod.pas;nFK_1;0.25;0.25;0
TSoilNitrogenUp;Components\Soil\USoilWaterMod.pas;nFK_2;0.25;0.25;0
TSoilNitrogenUp;Components\Soil\USoilWaterMod.pas;nFK_3;0.25;0.25;0
TSoilNitrogenUp;Components\Soil\USoilWaterMod.pas;nFK_4;0.25;0.25;0
TSoilNitrogenUp;Components\Soil\USoilWaterMod.pas;nFK_5;0.25;0.25;0
TSoilNitrogenUp;Components\Soil\USoilWaterMod.pas;nFK_6;0.25;0.25;0
TSoilNitrogenUp;Components\Soil\URootedSoil.pas;nfk_threshold;0.01;0.01;0
TSoilNitrogenUp;Components\Soil\URootedSoil.pas;nFKcrit;0.5;0.5;0
TSoilNitrogenUp;Components\Soil\USoilWaterMod.pas;nHorizons;4;4;0
TSoilNitrogenUp;Components\Soil\USoilNitrogenUp.pas;Not_av_N;1.5;1.5;0
TSoilNitrogenUp;Components\Soil\USoilWaterMod.pas;PondMax;10;10;0
TSoilNitrogenUp;Components\Soil\UlayeredSoil.pas;Potenz_f;1;1;0
TSoilNitrogenUp;Components\Soil\URootedSoil.pas;psi_2;200;200;0
TSoilNitrogenUp;Components\Soil\URootedSoil.pas;psi_3;15000;15000;0
TSoilNitrogenUp;Components\Soil\USoilWaterMod.pas;psi_critEvap;100;100;0
TSoilNitrogenUp;Components\Soil\USoilWaterMod.pas;PWP_1;0.1;0.1;0
TSoilNitrogenUp;Components\Soil\USoilWaterMod.pas;PWP_2;0.1;0.1;0
TSoilNitrogenUp;Components\Soil\USoilWaterMod.pas;PWP_3;0.1;0.1;0
TSoilNitrogenUp;Components\Soil\USoilWaterMod.pas;PWP_4;0.1;0.1;0
TSoilNitrogenUp;Components\Soil\USoilWaterMod.pas;PWP_5;0.1;0.1;0
TSoilNitrogenUp;Components\Soil\USoilWaterMod.pas;PWP_6;0.1;0.1;0
TSoilNitrogenUp;Components\Soil\URootedSoil.pas;r_root;0.01;0.01;0
TSoilNitrogenUp;Components\Soil\USoilNitrogenUp.pas;RootRad;0.02;0.02;0
TSoilNitrogenUp;Components\Soil\USoilWaterMod.pas;Weff;100;100;0
TSimpleSoilHeat;Components\Soil\USimpleSoilHeat.pas;Dichte;1.5;1.5;0
TSimpleSoilHeat;Components\Soil\USimpleSoilHeat.pas;GPV;0.5;0.5;0
TSimpleSoilHeat;Components\Soil\UlayeredSoil.pas;MaxDepth;200;200;0
TSimpleSoilHeat;Components\Soil\UlayeredSoil.pas;Potenz_f;1;1;0
TSimpleSoilHeat;Components\Soil\USimpleSoilHeat.pas;Tongehalt;0.1;0.1;0
TSoilMinNH;Components\Soil\USoilMineralisationNH4.pas;HumusContent;0.0224175;0.018;0.0044175
TSoilMinNH;Components\Soil\USoilMineralisationNH4.pas;ini.BulkDensity;1.3;1.3;0
TSoilMinNH;Components\Soil\USoilMineralisationNH4.pas;k_som_biom;0.001;0.001;0
TSoilMinNH;Components\Soil\UAbstractSoilMin.pas;NOrgLayers;3;9;6
TSoilMinNH;Components\Soil\USoilMineralisationNH4.pas;CN_som;10.08661417;10;0.086614173
TSoilMinNH;Components\Soil\USoilMineralisationNH4.pas;C_frac_1;0.111111111;0.111111111;0
TSoilMinNH;Components\Soil\USoilMineralisationNH4.pas;C_frac_2;0.111111111;0.111111111;0
TSoilMinNH;Components\Soil\USoilMineralisationNH4.pas;C_frac_3;0.111111111;0.111111111;0
TSoilMinNH;Components\Soil\USoilMineralisationNH4.pas;C_frac_4;0.111111111;0.111111111;0
TSoilMinNH;Components\Soil\USoilMineralisationNH4.pas;C_frac_5;0.111111111;0.111111111;0
TSoilMinNH;Components\Soil\USoilMineralisationNH4.pas;C_frac_6;0.111111111;0.111111111;0
TSoilMinNH;Components\Soil\USoilMineralisationNH4.pas;C_frac_7;0.111111111;0.111111111;0
TSoilMinNH;Components\Soil\USoilMineralisationNH4.pas;C_frac_8;0.111111111;0.111111111;0
TSoilMinNH;Components\Soil\USoilMineralisationNH4.pas;C_frac_9;0.111111111;0.111111111;0
TSoilMinNH;Components\Soil\USoilMineralisationNH4.pas;CN_biom;8;8;0
TSoilMinNH;Components\Soil\USoilMineralisationNH4.pas;CN_dpm;6;6;0
TSoilMinNH;Components\Soil\USoilMineralisationNH4.pas;CN_iom;10;10;0
TSoilMinNH;Components\Soil\USoilMineralisationNH4.pas;CN_rpm;80;80;0
TSoilMinNH;Components\Soil\USoilMineralisationNH4.pas;CritDen_f;1.05;1.05;0
TSoilMinNH;Components\Soil\USoilMineralisationNH4.pas;E_biom_som;1;1;0
TSoilMinNH;Components\Soil\USoilMineralisationNH4.pas;E_dpm_biom;0.4;0.4;0
TSoilMinNH;Components\Soil\USoilMineralisationNH4.pas;E_rpm_biom;0.4;0.4;0
TSoilMinNH;Components\Soil\USoilMineralisationNH4.pas;E_som_biom;0.2;0.2;0
TSoilMinNH;Components\Soil\USoilMineralisationNH4.pas;f_biom;0.001;0.001;0
TSoilMinNH;Components\Soil\USoilMineralisationNH4.pas;fr_Nloss_nit;0.05;0.05;0
TSoilMinNH;Components\Soil\USoilMineralisationNH4.pas;k_biom_som;0.3;0.3;0
TSoilMinNH;Components\Soil\USoilMineralisationNH4.pas;k_den;0.1;0.1;0
TSoilMinNH;Components\Soil\USoilMineralisationNH4.pas;k_dpm_biom;1.34;1.34;0
TSoilMinNH;Components\Soil\USoilMineralisationNH4.pas;k_nit;0.5;0.5;0
TSoilMinNH;Components\Soil\USoilMineralisationNH4.pas;k_rpm_biom;0.086;0.086;0
TSoilMinNH;Components\Soil\USoilMineralisationNH4.pas;k_som_biom_intercept;1;1;0
TSoilMinNH;Components\Soil\USoilMineralisationNH4.pas;k_som_biom_slope;0;0;0
TSoilMinNH;Components\Soil\USoilMineralisationNH4.pas;kBBf;0.05;0.05;0
TSoilMinNH;Components\Soil\USoilMineralisationNH4.pas;Km_den;26;26;0
TSoilMinNH;Components\Soil\USoilMineralisationNH4.pas;Km_Nmin;1;1;0
TSoilMinNH;Components\Soil\USoilMineralisationNH4.pas;Layerfactor_1;1;1;0
TSoilMinNH;Components\Soil\USoilMineralisationNH4.pas;Layerfactor_2;1;1;0
TSoilMinNH;Components\Soil\USoilMineralisationNH4.pas;Layerfactor_3;1;1;0
TSoilMinNH;Components\Soil\USoilMineralisationNH4.pas;Layerfactor_4;1;1;0
TSoilMinNH;Components\Soil\USoilMineralisationNH4.pas;Layerfactor_5;1;1;0
TSoilMinNH;Components\Soil\USoilMineralisationNH4.pas;Layerfactor_6;1;1;0
TSoilMinNH;Components\Soil\USoilMineralisationNH4.pas;Layerfactor_7;1;1;0
TSoilMinNH;Components\Soil\USoilMineralisationNH4.pas;Layerfactor_8;1;1;0
TSoilMinNH;Components\Soil\USoilMineralisationNH4.pas;Layerfactor_9;1;1;0
TSoilMinNH;Components\Soil\USoilMineralisationNH4.pas;MinNmin;2;2;0
TSoilMinNH;Components\Soil\USoilMineralisationNH4.pas;OrgDepth;30;30;0
TSoilMinNH;Components\Soil\USoilMineralisationNH4.pas;Soil_pH;6.4;6.4;0
TSoilMinNH;Components\Soil\USoilMineralisationNH4.pas;WFPS_crit_den;0.8;0.8;0
TDueng_ISIP;;Sollwert;330;NOT FOUND;#WERT!
TDueng_ISIP;Components\ISIP_Components\UDueng_ISIP.pas;fNEff;1;0.7;0.3
TDueng_ISIP;Components\ISIP_Components\UDueng_ISIP.pas;STDNApp1;90;60;30
TDueng_ISIP;Components\ISIP_Components\UDueng_ISIP.pas;STDNApp2;150;70;80
TDueng_ISIP;Components\ISIP_Components\UDueng_ISIP.pas;STDNApp3;60;70;10
TDueng_ISIP;Components\ISIP_Components\UDueng_ISIP.pas;fSensPar;1;1;0
TTillage;Components\CropManagement\UTillage.pas;TillageMinEffect;0.5;0.5;0
