IniFile;Submodel;EntityType;EntityName;Units;Value;Option;Comment
Q:\OSR\INI\ModelLowN\ini\IniFiles\Rosenthal_Patron_150_2002.ini;DevelopmentOSR1;State;Blattanzahl;[n];0;NA;Number of leaves
Q:\OSR\INI\ModelLowN\ini\IniFiles\Rosenthal_Patron_150_2002.ini;DevelopmentOSR1;State;DVS;[-];0;NA;Continuous development stage
Q:\OSR\INI\ModelLowN\ini\IniFiles\Rosenthal_Patron_150_2002.ini;DevelopmentOSR1;State;Fv;[-];0;NA;Accumulated vernalisation factor
Q:\OSR\INI\ModelLowN\ini\IniFiles\Rosenthal_Patron_150_2002.ini;DevelopmentOSR1;State;NumExtInternodes;[n];0;NA;Number of extended internodes (BBCH stages 30 to 39)
Q:\OSR\INI\ModelLowN\ini\IniFiles\Rosenthal_Patron_150_2002.ini;DevelopmentOSR1;State;TS;[-];0;NA;Accumulated effective temperature sum
Q:\OSR\INI\ModelLowN\ini\IniFiles\Rosenthal_Patron_150_2002.ini;DevelopmentOSR1;State;TS11;[-];0;NA;
Q:\OSR\INI\ModelLowN\ini\IniFiles\Rosenthal_Patron_150_2002.ini;DevelopmentOSR1;Variable;BBCH;[-];0;NA;Phenological stage on the BBCH scale
Q:\OSR\INI\ModelLowN\ini\IniFiles\Rosenthal_Patron_150_2002.ini;DevelopmentOSR1;Variable;BBCH30;[-];0;NA;Variable for estimating DVS30
Q:\OSR\INI\ModelLowN\ini\IniFiles\Rosenthal_Patron_150_2002.ini;DevelopmentOSR1;Variable;BBCH50;[-];0;NA;Variable for estimating DVSInflor
Q:\OSR\INI\ModelLowN\ini\IniFiles\Rosenthal_Patron_150_2002.ini;DevelopmentOSR1;Variable;DOY51;[-];0;NA;DOY of flowering start
Q:\OSR\INI\ModelLowN\ini\IniFiles\Rosenthal_Patron_150_2002.ini;DevelopmentOSR1;Variable;DOY90;[-];0;NA;DOY of full ripening stage
Q:\OSR\INI\ModelLowN\ini\IniFiles\Rosenthal_Patron_150_2002.ini;DevelopmentOSR1;Variable;DVR1;[-];0;NA;Development rate from sowing to emergence
Q:\OSR\INI\ModelLowN\ini\IniFiles\Rosenthal_Patron_150_2002.ini;DevelopmentOSR1;Variable;DVR2;[-];0;NA;Development rate from emergence to end of vegetative growth
Q:\OSR\INI\ModelLowN\ini\IniFiles\Rosenthal_Patron_150_2002.ini;DevelopmentOSR1;Variable;DVR2a;[-];0;NA;Development rate from emergence to end of vegetative growth (alternative calculation)
Q:\OSR\INI\ModelLowN\ini\IniFiles\Rosenthal_Patron_150_2002.ini;DevelopmentOSR1;Variable;DVR2b;[-];0;NA;Development rate from emergence to end of vegetative growth (another alternative calculation)
Q:\OSR\INI\ModelLowN\ini\IniFiles\Rosenthal_Patron_150_2002.ini;DevelopmentOSR1;Variable;DVR3;[-];0;NA;Development rate from end of vegetative growth to flowering
Q:\OSR\INI\ModelLowN\ini\IniFiles\Rosenthal_Patron_150_2002.ini;DevelopmentOSR1;Variable;DVR4;[-];0;NA;Development rate from flowering to full ripening
Q:\OSR\INI\ModelLowN\ini\IniFiles\Rosenthal_Patron_150_2002.ini;DevelopmentOSR1;Variable;EC;[-];0;NA;Phenological stage on the Schuette EC scale
Q:\OSR\INI\ModelLowN\ini\IniFiles\Rosenthal_Patron_150_2002.ini;DevelopmentOSR1;Variable;Fp;[-];0;NA;
Q:\OSR\INI\ModelLowN\ini\IniFiles\Rosenthal_Patron_150_2002.ini;DevelopmentOSR1;Variable;Fp_eff;[-];0;NA;effect of photoperiod on development rate
Q:\OSR\INI\ModelLowN\ini\IniFiles\Rosenthal_Patron_150_2002.ini;DevelopmentOSR1;Variable;Fv_eff;[-];0;NA;effect of vernalisation on development rate
Q:\OSR\INI\ModelLowN\ini\IniFiles\Rosenthal_Patron_150_2002.ini;DevelopmentOSR1;Variable;Teff;[°C];0;NA;Effective daily temperature, calculated as daily mean temperature minus base temperature
Q:\OSR\INI\ModelLowN\ini\IniFiles\Rosenthal_Patron_150_2002.ini;DevelopmentOSR1;Parameter;aT1;[1/(°C*d)];0.00631;NA;Temperature response coefficient for development up to EC 11
Q:\OSR\INI\ModelLowN\ini\IniFiles\Rosenthal_Patron_150_2002.ini;DevelopmentOSR1;Parameter;aT2;[1/(°C*d)];0.00307;NA;Temperature response coefficient for development from EC 11 to EC 27
Q:\OSR\INI\ModelLowN\ini\IniFiles\Rosenthal_Patron_150_2002.ini;DevelopmentOSR1;Parameter;aT2a;[1/(°C*d)];0.00299;NA;Temperature response coefficient for development from EC 11 to EC 27 (alternative calculation)
Q:\OSR\INI\ModelLowN\ini\IniFiles\Rosenthal_Patron_150_2002.ini;DevelopmentOSR1;Parameter;aT3;[1/(°C*d)];0.00366;NA;Temperature response coefficient for development from EC 27 to EC 51
Q:\OSR\INI\ModelLowN\ini\IniFiles\Rosenthal_Patron_150_2002.ini;DevelopmentOSR1;Parameter;aT4;[1/(°C*d)];0.00165;NA;Temperature response coefficient for development from EC 51 to EC 69
Q:\OSR\INI\ModelLowN\ini\IniFiles\Rosenthal_Patron_150_2002.ini;DevelopmentOSR1;Parameter;Dlpmin;[h];5.74;NA;
Q:\OSR\INI\ModelLowN\ini\IniFiles\Rosenthal_Patron_150_2002.ini;DevelopmentOSR1;Parameter;Dlpopt;[h];14.59;NA;
Q:\OSR\INI\ModelLowN\ini\IniFiles\Rosenthal_Patron_150_2002.ini;DevelopmentOSR1;Parameter;DVS13;[-];1.0002;NA;DVS at EC 13
Q:\OSR\INI\ModelLowN\ini\IniFiles\Rosenthal_Patron_150_2002.ini;DevelopmentOSR1;Parameter;DVS30;[-];1.34;NA;DVS at EC 30
Q:\OSR\INI\ModelLowN\ini\IniFiles\Rosenthal_Patron_150_2002.ini;DevelopmentOSR1;Parameter;DVSInflor;[-];1.5;NA;DVS at beginning of inflorescence emergence (BBCH=50 / EC=51)
Q:\OSR\INI\ModelLowN\ini\IniFiles\Rosenthal_Patron_150_2002.ini;DevelopmentOSR1;Parameter;fp_sens;[];1;NA;photoperiod sensitivity [0..1]
Q:\OSR\INI\ModelLowN\ini\IniFiles\Rosenthal_Patron_150_2002.ini;DevelopmentOSR1;Parameter;fv_sens;[-];1;NA;vernalisaton sensitivity [0..1]
Q:\OSR\INI\ModelLowN\ini\IniFiles\Rosenthal_Patron_150_2002.ini;DevelopmentOSR1;Parameter;Phyllochron;[°Cd];64.05;NA;Phyllochron interval
Q:\OSR\INI\ModelLowN\ini\IniFiles\Rosenthal_Patron_150_2002.ini;DevelopmentOSR1;Parameter;Rvmax;;0.0141;NA;Maximum development rate
Q:\OSR\INI\ModelLowN\ini\IniFiles\Rosenthal_Patron_150_2002.ini;DevelopmentOSR1;Parameter;ScaleDevGen;[-];1;NA;Scaling factor for generative development rate
Q:\OSR\INI\ModelLowN\ini\IniFiles\Rosenthal_Patron_150_2002.ini;DevelopmentOSR1;Parameter;ScaleDevVeg;[-];1;NA;Scaling factor for vegetative development rate
Q:\OSR\INI\ModelLowN\ini\IniFiles\Rosenthal_Patron_150_2002.ini;DevelopmentOSR1;Parameter;SowingDate;[-];38234;NA;Sowing date
Q:\OSR\INI\ModelLowN\ini\IniFiles\Rosenthal_Patron_150_2002.ini;DevelopmentOSR1;Parameter;Tb;[°C];3;NA;Base temperature
Q:\OSR\INI\ModelLowN\ini\IniFiles\Rosenthal_Patron_150_2002.ini;DevelopmentOSR1;Parameter;TSumCotEm;[°Cd];19.97;NA;Temperature Sum from first appearance of Cotyledons to complete unfolding (DVS=1/BBCH=9 to BBCH=10)
Q:\OSR\INI\ModelLowN\ini\IniFiles\Rosenthal_Patron_150_2002.ini;DevelopmentOSR1;Parameter;TSumInternode;[°Cd];17.06;NA;
Q:\OSR\INI\ModelLowN\ini\IniFiles\Rosenthal_Patron_150_2002.ini;DevelopmentOSR1;Parameter;Tvmax;[°C];17.2;NA;
Q:\OSR\INI\ModelLowN\ini\IniFiles\Rosenthal_Patron_150_2002.ini;DevelopmentOSR1;Parameter;Tvmin;[°C];-3.72;NA;
Q:\OSR\INI\ModelLowN\ini\IniFiles\Rosenthal_Patron_150_2002.ini;DevelopmentOSR1;Parameter;Tvopt1;[°C];0.73;NA;
Q:\OSR\INI\ModelLowN\ini\IniFiles\Rosenthal_Patron_150_2002.ini;DevelopmentOSR1;Parameter;Tvopt2;[°C];5.38;NA;
Q:\OSR\INI\ModelLowN\ini\IniFiles\Rosenthal_Patron_150_2002.ini;DevelopmentOSR1;ExternalValue;DayLengthP;;NA;Daylength1;External day length
Q:\OSR\INI\ModelLowN\ini\IniFiles\Rosenthal_Patron_150_2002.ini;DevelopmentOSR1;ExternalValue;TMPM;[Â°C];NA;q:\weather\ModelLowN\DWD_Intpol_Rosenthal.csv;External daily mean temperature
Q:\OSR\INI\ModelLowN\ini\IniFiles\Rosenthal_Patron_150_2002.ini;DevelopmentOSR1;Option;ContOutput; NA;NA;true;Output every time step?
Q:\OSR\INI\ModelLowN\ini\IniFiles\Rosenthal_Patron_150_2002.ini;DevelopmentOSR1;Option;FinalOutput; NA;NA;true;Output of final values in separate file?
Q:\OSR\INI\ModelLowN\ini\IniFiles\Rosenthal_Patron_150_2002.ini;DevelopmentOSR1;Option;OptimizeOption; NA;NA;all;Specifies until which EC stage data and development rates are considered
