IniFile;Submodel;EntityType;EntityName;Units;Value;Option;Comment;
Q:\OSR\INI\ModelLowN\ini\IniFiles\Rosenthal_Patron_150_2002.ini;OSRGrowth;State;C_Dead;kg/ha;0;NA;C-Menge der abgeworfenen Blätter;
Q:\OSR\INI\ModelLowN\ini\IniFiles\Rosenthal_Patron_150_2002.ini;OSRGrowth;State;C_Residues;[gC/m2];0;NA;Amount of carbon in crop residues;
Q:\OSR\INI\ModelLowN\ini\IniFiles\Rosenthal_Patron_150_2002.ini;OSRGrowth;State;DauerEC81_89;;0;NA;;
Q:\OSR\INI\ModelLowN\ini\IniFiles\Rosenthal_Patron_150_2002.ini;OSRGrowth;State;DM_N;g/m²;0;NA;ehemalige lebendige (grüne) Trockenmasse, der durch N-Mangel abgestorbenen Blätter;
Q:\OSR\INI\ModelLowN\ini\IniFiles\Rosenthal_Patron_150_2002.ini;OSRGrowth;State;DMdead;g/m²;0;NA;senescent dry matter;
Q:\OSR\INI\ModelLowN\ini\IniFiles\Rosenthal_Patron_150_2002.ini;OSRGrowth;State;DMDeadAge;g/m²;0;NA;Altersseneszenz nach EC80;
Q:\OSR\INI\ModelLowN\ini\IniFiles\Rosenthal_Patron_150_2002.ini;OSRGrowth;State;DMDeadLeafW;g/m²;0;NA;durch Frostseneszenz abgestorbene Blatttrockenmasse;
Q:\OSR\INI\ModelLowN\ini\IniFiles\Rosenthal_Patron_150_2002.ini;OSRGrowth;State;DMDeadN;g/m²;0;NA;leaf dry matter killed by N deficiency;
Q:\OSR\INI\ModelLowN\ini\IniFiles\Rosenthal_Patron_150_2002.ini;OSRGrowth;State;DMDeadRootW;g/m²;0;NA;über Winter abgestorbene Wurzeltrockenmasse;
Q:\OSR\INI\ModelLowN\ini\IniFiles\Rosenthal_Patron_150_2002.ini;OSRGrowth;State;DMDeadSh;g/m²;0;NA;leaf dry matter killed by shading senescence;
Q:\OSR\INI\ModelLowN\ini\IniFiles\Rosenthal_Patron_150_2002.ini;OSRGrowth;State;DMDeadStemW;g/m²;0;NA;durch Frostseneszenz abgestorbene Stängeltrockenmasse;
Q:\OSR\INI\ModelLowN\ini\IniFiles\Rosenthal_Patron_150_2002.ini;OSRGrowth;State;DMDeadW;g/m²;0;NA;dry matter killed by frost senescence;
Q:\OSR\INI\ModelLowN\ini\IniFiles\Rosenthal_Patron_150_2002.ini;OSRGrowth;State;DMfineroot;[g.m-2];0;NA;Total fine root dry matter in crop;
Q:\OSR\INI\ModelLowN\ini\IniFiles\Rosenthal_Patron_150_2002.ini;OSRGrowth;State;DMGen;g/m²;0;NA;generative-organ dry matter;
Q:\OSR\INI\ModelLowN\ini\IniFiles\Rosenthal_Patron_150_2002.ini;OSRGrowth;State;DMLeaf;g/m²;0;NA;leaf dry matter;
Q:\OSR\INI\ModelLowN\ini\IniFiles\Rosenthal_Patron_150_2002.ini;OSRGrowth;State;DMNTrans;g/m²;0;NA;translozierte Blatttrockenmasse aus N-Mangel;
Q:\OSR\INI\ModelLowN\ini\IniFiles\Rosenthal_Patron_150_2002.ini;OSRGrowth;State;DMPlant;g/m²;0.1;NA;total plant dry matter;
Q:\OSR\INI\ModelLowN\ini\IniFiles\Rosenthal_Patron_150_2002.ini;OSRGrowth;State;DMPodWall;g/m²;0;NA;pod-wall dry matter;
Q:\OSR\INI\ModelLowN\ini\IniFiles\Rosenthal_Patron_150_2002.ini;OSRGrowth;State;DMRoot;g/m²;0;NA;root dry matter;
Q:\OSR\INI\ModelLowN\ini\IniFiles\Rosenthal_Patron_150_2002.ini;OSRGrowth;State;DMSeed;g/m²;0;NA;seed dry matter;
Q:\OSR\INI\ModelLowN\ini\IniFiles\Rosenthal_Patron_150_2002.ini;OSRGrowth;State;DMSeedOil;g/m²;0;NA;Trockenmasse des Ölanteils im Samen;
Q:\OSR\INI\ModelLowN\ini\IniFiles\Rosenthal_Patron_150_2002.ini;OSRGrowth;State;DMSeedStarch;g/m²;0;NA;Trockenmasse des Stärkeanteils im Samen;
Q:\OSR\INI\ModelLowN\ini\IniFiles\Rosenthal_Patron_150_2002.ini;OSRGrowth;State;DMSh;g/m²;0;NA;potential leaf dry matter killed and translocated through shading senescence;
Q:\OSR\INI\ModelLowN\ini\IniFiles\Rosenthal_Patron_150_2002.ini;OSRGrowth;State;DMShoot;g/m²;0.1;NA;shoot dry matter;
Q:\OSR\INI\ModelLowN\ini\IniFiles\Rosenthal_Patron_150_2002.ini;OSRGrowth;State;DMShoot_nB;g/m²;0;NA;Sprosstrockenmasse nach der Blüte;
Q:\OSR\INI\ModelLowN\ini\IniFiles\Rosenthal_Patron_150_2002.ini;OSRGrowth;State;DMShoot_nB_pot;g/m²;0;NA;potentielle Sprosstrockenmasse nach der Blüte;
Q:\OSR\INI\ModelLowN\ini\IniFiles\Rosenthal_Patron_150_2002.ini;OSRGrowth;State;DMShoot_OF;g/m²;0;NA;Sprosstrockenmasse zum Onset of Flowering;
Q:\OSR\INI\ModelLowN\ini\IniFiles\Rosenthal_Patron_150_2002.ini;OSRGrowth;State;DMShoot_vW;g/m²;0.1;NA;Sprosstrockenmasse vor Winter;
Q:\OSR\INI\ModelLowN\ini\IniFiles\Rosenthal_Patron_150_2002.ini;OSRGrowth;State;DMShTrans;g/m²;0;NA;leaf dry matter translocated to pods through shading senescence;
Q:\OSR\INI\ModelLowN\ini\IniFiles\Rosenthal_Patron_150_2002.ini;OSRGrowth;State;DMStem;g/m²;0;NA;stem dry matter;
Q:\OSR\INI\ModelLowN\ini\IniFiles\Rosenthal_Patron_150_2002.ini;OSRGrowth;State;DMtotal;[g.m-2];0;NA;Total aboveground dry matter in crop;
Q:\OSR\INI\ModelLowN\ini\IniFiles\Rosenthal_Patron_150_2002.ini;OSRGrowth;State;DMTrans;g/m²;0;NA;translozierte Trockenmasse;
Q:\OSR\INI\ModelLowN\ini\IniFiles\Rosenthal_Patron_150_2002.ini;OSRGrowth;State;DMTransLeaf;g/m²;0;NA;translozierte Blatt-Trockenmasse;
Q:\OSR\INI\ModelLowN\ini\IniFiles\Rosenthal_Patron_150_2002.ini;OSRGrowth;State;DMTransStem;g/m²;0;NA;translozierte Stängel-Trockenmasse;
Q:\OSR\INI\ModelLowN\ini\IniFiles\Rosenthal_Patron_150_2002.ini;OSRGrowth;State;FullFlower;;0;NA;Datum EC65;
Q:\OSR\INI\ModelLowN\ini\IniFiles\Rosenthal_Patron_150_2002.ini;OSRGrowth;State;LAIGen;m²/m²;0;NA;PodAreaIndex;
Q:\OSR\INI\ModelLowN\ini\IniFiles\Rosenthal_Patron_150_2002.ini;OSRGrowth;State;LAILeaf;m²/m²;0;NA;leaf area;
Q:\OSR\INI\ModelLowN\ini\IniFiles\Rosenthal_Patron_150_2002.ini;OSRGrowth;State;LAIs;m²/m²;0;NA;area senesced through shading;
Q:\OSR\INI\ModelLowN\ini\IniFiles\Rosenthal_Patron_150_2002.ini;OSRGrowth;State;LAIShoot;m²/m²;0;NA;shoot area;
Q:\OSR\INI\ModelLowN\ini\IniFiles\Rosenthal_Patron_150_2002.ini;OSRGrowth;State;LAIStem;m²/m²;0;NA;stem area;
Q:\OSR\INI\ModelLowN\ini\IniFiles\Rosenthal_Patron_150_2002.ini;OSRGrowth;State;N_Dead;kg/ha;0;NA;N-Menge der abgeworfenen Blätter;
Q:\OSR\INI\ModelLowN\ini\IniFiles\Rosenthal_Patron_150_2002.ini;OSRGrowth;State;N_Residues;[gN/m2];0;NA;Amount of nitrogen in crop residues;
Q:\OSR\INI\ModelLowN\ini\IniFiles\Rosenthal_Patron_150_2002.ini;OSRGrowth;State;NBalance;[g/m²];0;NA;;
Q:\OSR\INI\ModelLowN\ini\IniFiles\Rosenthal_Patron_150_2002.ini;OSRGrowth;State;NDead;g/m²;0;NA;N amount in dead leaves [g/m²];
Q:\OSR\INI\ModelLowN\ini\IniFiles\Rosenthal_Patron_150_2002.ini;OSRGrowth;State;NDeadAge;g/m²;0;NA;Altersseneszenz nach EC80;
Q:\OSR\INI\ModelLowN\ini\IniFiles\Rosenthal_Patron_150_2002.ini;OSRGrowth;State;NDeadSh;g/m²;0;NA;durch Beschattungsseneszenz verlorene N-Menge;
Q:\OSR\INI\ModelLowN\ini\IniFiles\Rosenthal_Patron_150_2002.ini;OSRGrowth;State;NDeadW;g/m²;0;NA;durch Frostseneszenz verlorene N-Menge;
Q:\OSR\INI\ModelLowN\ini\IniFiles\Rosenthal_Patron_150_2002.ini;OSRGrowth;State;NGen;g/m²;0;NA;generative N-Menge;
Q:\OSR\INI\ModelLowN\ini\IniFiles\Rosenthal_Patron_150_2002.ini;OSRGrowth;State;NLeaf;g/m²;0;NA;leaf N amount;
Q:\OSR\INI\ModelLowN\ini\IniFiles\Rosenthal_Patron_150_2002.ini;OSRGrowth;State;NPlant;g/m²;0;NA;N-Menge in Gesamtpflanze [g/m²];
Q:\OSR\INI\ModelLowN\ini\IniFiles\Rosenthal_Patron_150_2002.ini;OSRGrowth;State;NPodWall;g/m²;0;NA;N-Menge in Schotenwänden [g/m²];
Q:\OSR\INI\ModelLowN\ini\IniFiles\Rosenthal_Patron_150_2002.ini;OSRGrowth;State;NPool;g/m²;0;NA;N-Pool in Stängel und Wurzeln für die aus den Blättern translozierte N-Menge bevor die generativen Organe als Senken zur Verügung stehen;
Q:\OSR\INI\ModelLowN\ini\IniFiles\Rosenthal_Patron_150_2002.ini;OSRGrowth;State;NRoot;g/m²;0;NA;Wurzel-N-Menge;
Q:\OSR\INI\ModelLowN\ini\IniFiles\Rosenthal_Patron_150_2002.ini;OSRGrowth;State;NSeed;g/m²;0;NA;N-Menge im Samen [g/m²];
Q:\OSR\INI\ModelLowN\ini\IniFiles\Rosenthal_Patron_150_2002.ini;OSRGrowth;State;NShoot;g/m²;0;NA;shoot N amount;
Q:\OSR\INI\ModelLowN\ini\IniFiles\Rosenthal_Patron_150_2002.ini;OSRGrowth;State;NStem;g/m²;0;NA;Stängel-N-Menge;
Q:\OSR\INI\ModelLowN\ini\IniFiles\Rosenthal_Patron_150_2002.ini;OSRGrowth;State;NTrans;g/m²;0;NA;translozierbare Gesamt-N-Menge;
Q:\OSR\INI\ModelLowN\ini\IniFiles\Rosenthal_Patron_150_2002.ini;OSRGrowth;State;NTransGen;g/m²;0;NA;translozierbare N-Menge aus den Schoten;
Q:\OSR\INI\ModelLowN\ini\IniFiles\Rosenthal_Patron_150_2002.ini;OSRGrowth;State;NTransLeaf;g/m²;0;NA;translozierbare N-Menge aus den Blättern;
Q:\OSR\INI\ModelLowN\ini\IniFiles\Rosenthal_Patron_150_2002.ini;OSRGrowth;State;NTransRoot;g/m²;0;NA;translozierbare N-Menge aus den Wurzeln;
Q:\OSR\INI\ModelLowN\ini\IniFiles\Rosenthal_Patron_150_2002.ini;OSRGrowth;State;NTransStem;g/m²;0;NA;translozierbare N-Menge aus den Stängeln;
Q:\OSR\INI\ModelLowN\ini\IniFiles\Rosenthal_Patron_150_2002.ini;OSRGrowth;State;NUptake_act;g/m²;0;NA;aktuell aufgenommene N-Menge [g/m²];
Q:\OSR\INI\ModelLowN\ini\IniFiles\Rosenthal_Patron_150_2002.ini;OSRGrowth;State;NUptake_aF;;0;NA;N-Aufnahme nach der Blüte;
Q:\OSR\INI\ModelLowN\ini\IniFiles\Rosenthal_Patron_150_2002.ini;OSRGrowth;State;NUptake_pot;g/m²;0;NA;potenziell aufgenommene N-Menge [g/m²];
Q:\OSR\INI\ModelLowN\ini\IniFiles\Rosenthal_Patron_150_2002.ini;OSRGrowth;State;NUptake_vW;;0;NA;N-Aufnahme vor Winter;
Q:\OSR\INI\ModelLowN\ini\IniFiles\Rosenthal_Patron_150_2002.ini;OSRGrowth;State;Oilconc;%;0;NA;Ölkonzentration;
Q:\OSR\INI\ModelLowN\ini\IniFiles\Rosenthal_Patron_150_2002.ini;OSRGrowth;State;OilYield;dt/ha;0;NA;Ölertrag;
Q:\OSR\INI\ModelLowN\ini\IniFiles\Rosenthal_Patron_150_2002.ini;OSRGrowth;State;poolNRoot;g/m²;0;NA;Wurzel-N-Menge (Pool);
Q:\OSR\INI\ModelLowN\ini\IniFiles\Rosenthal_Patron_150_2002.ini;OSRGrowth;State;poolNStem;g/m²;0;NA;Stängel-N-Menge (Pool);
Q:\OSR\INI\ModelLowN\ini\IniFiles\Rosenthal_Patron_150_2002.ini;OSRGrowth;State;potNPool;g/m²;0;NA;potentielle N-Menge im Pool;
Q:\OSR\INI\ModelLowN\ini\IniFiles\Rosenthal_Patron_150_2002.ini;OSRGrowth;State;potNTrans;g/m²;0;NA;potentiell translozierbare N-Menge;
Q:\OSR\INI\ModelLowN\ini\IniFiles\Rosenthal_Patron_150_2002.ini;OSRGrowth;State;Protein;%;0;NA;Proteingehalt;
Q:\OSR\INI\ModelLowN\ini\IniFiles\Rosenthal_Patron_150_2002.ini;OSRGrowth;State;RadSum;[MJ/m²];0;NA;Strahlungssumme;
Q:\OSR\INI\ModelLowN\ini\IniFiles\Rosenthal_Patron_150_2002.ini;OSRGrowth;State;strNRoot;g/m²;0;NA;structural root N amount;
Q:\OSR\INI\ModelLowN\ini\IniFiles\Rosenthal_Patron_150_2002.ini;OSRGrowth;State;strNStem;g/m²;0;NA;structural stem N amount;
Q:\OSR\INI\ModelLowN\ini\IniFiles\Rosenthal_Patron_150_2002.ini;OSRGrowth;State;SumKonversionVerlust;;0;NA;Summe Konversionsverlust bei Ölbildung;
Q:\OSR\INI\ModelLowN\ini\IniFiles\Rosenthal_Patron_150_2002.ini;OSRGrowth;State;sumQ;[MJ/m2];0;NA;cumulative intercepted radiation [MJ];
Q:\OSR\INI\ModelLowN\ini\IniFiles\Rosenthal_Patron_150_2002.ini;OSRGrowth;State;sumQGen;[MJ/m2];0;NA;cumulative radiation intercepted by pods;
Q:\OSR\INI\ModelLowN\ini\IniFiles\Rosenthal_Patron_150_2002.ini;OSRGrowth;State;sumQLeaf;[MJ/m2];0;NA;cumulative radiation intercepted by leaves;
Q:\OSR\INI\ModelLowN\ini\IniFiles\Rosenthal_Patron_150_2002.ini;OSRGrowth;State;sumQT;[MJ/m2];0;NA;cumulative temperature-corrected intercepted radiation [MJ];
Q:\OSR\INI\ModelLowN\ini\IniFiles\Rosenthal_Patron_150_2002.ini;OSRGrowth;State;sumQT_TactTpot;[MJ/m2];0;NA;cumulative drought- and temperature-corrected intercepted radiation [MJ];
Q:\OSR\INI\ModelLowN\ini\IniFiles\Rosenthal_Patron_150_2002.ini;OSRGrowth;State;TempSum;[°Cd];0;NA;temperature sum;
Q:\OSR\INI\ModelLowN\ini\IniFiles\Rosenthal_Patron_150_2002.ini;OSRGrowth;State;TempSumAuflauf;[°Cd];0;NA;temperature sum since emergence (Tb = 0°C);
Q:\OSR\INI\ModelLowN\ini\IniFiles\Rosenthal_Patron_150_2002.ini;OSRGrowth;State;TempSumAussaat;[°Cd];0;NA;temperature sum since sowing;
Q:\OSR\INI\ModelLowN\ini\IniFiles\Rosenthal_Patron_150_2002.ini;OSRGrowth;State;TempSumLeafLoss;[°Cd];0;NA;Temperatursumme ab EC51 zur Berechnung der Abnahme des Blattanteils am Gesamtpflanzenwachstum;
Q:\OSR\INI\ModelLowN\ini\IniFiles\Rosenthal_Patron_150_2002.ini;OSRGrowth;State;TempSumMinus;[°Cd];0;NA;temperature sum;
Q:\OSR\INI\ModelLowN\ini\IniFiles\Rosenthal_Patron_150_2002.ini;OSRGrowth;State;TempSumPodGrowth;[°Cd];0;NA;Temperatursumme ab EC70;
Q:\OSR\INI\ModelLowN\ini\IniFiles\Rosenthal_Patron_150_2002.ini;OSRGrowth;State;TempSumRoots;[°Cd];0;NA;Temperatursumme zwischen DoY 30 und DoY 150 zur Berechnung von fRoot;
Q:\OSR\INI\ModelLowN\ini\IniFiles\Rosenthal_Patron_150_2002.ini;OSRGrowth;State;TempSumSeed;[°Cd];0;NA;Temperatursumme während der Samenreifung;
Q:\OSR\INI\ModelLowN\ini\IniFiles\Rosenthal_Patron_150_2002.ini;OSRGrowth;State;Yield;dt/ha;0;NA;Samenertrag;
Q:\OSR\INI\ModelLowN\ini\IniFiles\Rosenthal_Patron_150_2002.ini;OSRGrowth;State;Ymax;dt/ha;0;NA;max Ertrag;
Q:\OSR\INI\ModelLowN\ini\IniFiles\Rosenthal_Patron_150_2002.ini;OSRGrowth;Variable;act_k;;0;NA;Extinktionskoeffizient für PAR = exk bzw. variabler Wert für LAI < LAIcrit_exk;
Q:\OSR\INI\ModelLowN\ini\IniFiles\Rosenthal_Patron_150_2002.ini;OSRGrowth;Variable;act_k_Gen;;0;NA;Extinktionskoeffizient Schoten;
Q:\OSR\INI\ModelLowN\ini\IniFiles\Rosenthal_Patron_150_2002.ini;OSRGrowth;Variable;act_k_Leaf;;0;NA;Extinktionskoeffizient Blätter;
Q:\OSR\INI\ModelLowN\ini\IniFiles\Rosenthal_Patron_150_2002.ini;OSRGrowth;Variable;actSLA;cm²/g;0;NA;specific leaf area;
Q:\OSR\INI\ModelLowN\ini\IniFiles\Rosenthal_Patron_150_2002.ini;OSRGrowth;Variable;actSPA;cm²/g;0;NA;Spezifische Schotenfläche;
Q:\OSR\INI\ModelLowN\ini\IniFiles\Rosenthal_Patron_150_2002.ini;OSRGrowth;Variable;Auflauf;d;0;NA;time of emergence;
Q:\OSR\INI\ModelLowN\ini\IniFiles\Rosenthal_Patron_150_2002.ini;OSRGrowth;Variable;avs;;0;NA;Day of Year des Vegetationsbeginns (aus Temperaturwerten ermittelt);
Q:\OSR\INI\ModelLowN\ini\IniFiles\Rosenthal_Patron_150_2002.ini;OSRGrowth;Variable;CO2_factor;[-];1;NA;;
Q:\OSR\INI\ModelLowN\ini\IniFiles\Rosenthal_Patron_150_2002.ini;OSRGrowth;Variable;CropHeight;m;0;NA;crop height;
Q:\OSR\INI\ModelLowN\ini\IniFiles\Rosenthal_Patron_150_2002.ini;OSRGrowth;Variable;dNcGen;;0;NA;Änderung NcGen;
Q:\OSR\INI\ModelLowN\ini\IniFiles\Rosenthal_Patron_150_2002.ini;OSRGrowth;Variable;dNcLeaf;;0;NA;Änderung NcLeaf;
Q:\OSR\INI\ModelLowN\ini\IniFiles\Rosenthal_Patron_150_2002.ini;OSRGrowth;Variable;dNcRoot;;0;NA;Änderung NcRoot;
Q:\OSR\INI\ModelLowN\ini\IniFiles\Rosenthal_Patron_150_2002.ini;OSRGrowth;Variable;dNcStem;;0;NA;Änderung NcStem;
Q:\OSR\INI\ModelLowN\ini\IniFiles\Rosenthal_Patron_150_2002.ini;OSRGrowth;Variable;DummyVar;;0;NA;;
Q:\OSR\INI\ModelLowN\ini\IniFiles\Rosenthal_Patron_150_2002.ini;OSRGrowth;Variable;EC_act;;0;NA;EC value when LAIShoot equals 2.0;
Q:\OSR\INI\ModelLowN\ini\IniFiles\Rosenthal_Patron_150_2002.ini;OSRGrowth;Variable;fBl;;0;NA;fraction of leaf growth in shoot growth;
Q:\OSR\INI\ModelLowN\ini\IniFiles\Rosenthal_Patron_150_2002.ini;OSRGrowth;Variable;fBl_EC51;;0;NA;Anteil Blattzuwachs EC 51;
Q:\OSR\INI\ModelLowN\ini\IniFiles\Rosenthal_Patron_150_2002.ini;OSRGrowth;Variable;fGen;;0;NA;Anteil Schotenzuwachs am Sprosszuwachs;
Q:\OSR\INI\ModelLowN\ini\IniFiles\Rosenthal_Patron_150_2002.ini;OSRGrowth;Variable;fInt;;0;NA;Anteil aufgenommener Strahlung;
Q:\OSR\INI\ModelLowN\ini\IniFiles\Rosenthal_Patron_150_2002.ini;OSRGrowth;Variable;fIntGen;;0;NA;Anteil aufgenommener Strahlung Schoten;
Q:\OSR\INI\ModelLowN\ini\IniFiles\Rosenthal_Patron_150_2002.ini;OSRGrowth;Variable;fIntLeaf;;0;NA;Anteil aufgenommener Strahlung Blätter;
Q:\OSR\INI\ModelLowN\ini\IniFiles\Rosenthal_Patron_150_2002.ini;OSRGrowth;Variable;fNNIGen;;0;NA;Zwischenschritt zur Berechnung der NNIGen;
Q:\OSR\INI\ModelLowN\ini\IniFiles\Rosenthal_Patron_150_2002.ini;OSRGrowth;Variable;fNNILeaf;;0;NA;Zwischenschritt zur Berechnung der NNILeaf;
Q:\OSR\INI\ModelLowN\ini\IniFiles\Rosenthal_Patron_150_2002.ini;OSRGrowth;Variable;fNNIRoot;;0;NA;Zwischenschritt zur Berechnung der NNIRoot;
Q:\OSR\INI\ModelLowN\ini\IniFiles\Rosenthal_Patron_150_2002.ini;OSRGrowth;Variable;fNNIStem;;0;NA;Zwischenschritt zur Berechnung der NNIStem;
Q:\OSR\INI\ModelLowN\ini\IniFiles\Rosenthal_Patron_150_2002.ini;OSRGrowth;Variable;fPW;;0;NA;fraction of pod-wall growth in pod growth;
Q:\OSR\INI\ModelLowN\ini\IniFiles\Rosenthal_Patron_150_2002.ini;OSRGrowth;Variable;fRoot;;0;NA;fraction of root growth;
Q:\OSR\INI\ModelLowN\ini\IniFiles\Rosenthal_Patron_150_2002.ini;OSRGrowth;Variable;fSeedGen;;0;NA;Anteil Samenzuwachs am Schotenzuwachs;
Q:\OSR\INI\ModelLowN\ini\IniFiles\Rosenthal_Patron_150_2002.ini;OSRGrowth;Variable;fSeedOil;;0;NA;Berechnung Ölanteil im Samen;
Q:\OSR\INI\ModelLowN\ini\IniFiles\Rosenthal_Patron_150_2002.ini;OSRGrowth;Variable;fSeedStarch;;0;NA;Berechung Stärkeanteil im Samen;
Q:\OSR\INI\ModelLowN\ini\IniFiles\Rosenthal_Patron_150_2002.ini;OSRGrowth;Variable;fSen_sh;;0;NA;Seneszenzfaktor Beschattung / Erhaltungsatmung;
Q:\OSR\INI\ModelLowN\ini\IniFiles\Rosenthal_Patron_150_2002.ini;OSRGrowth;Variable;fSt;;0;NA;Anteil Stängelzuwachs am Sprosszuwachs;
Q:\OSR\INI\ModelLowN\ini\IniFiles\Rosenthal_Patron_150_2002.ini;OSRGrowth;Variable;fSum;;0;NA;Summe der anteiligen organspezifischen NNI;
Q:\OSR\INI\ModelLowN\ini\IniFiles\Rosenthal_Patron_150_2002.ini;OSRGrowth;Variable;fT;;0;NA;temperature-derived photosynthesis response factor;
Q:\OSR\INI\ModelLowN\ini\IniFiles\Rosenthal_Patron_150_2002.ini;OSRGrowth;Variable;fTm;;0;NA;maintenance-respiration temperature factor used to calculate PARm;
Q:\OSR\INI\ModelLowN\ini\IniFiles\Rosenthal_Patron_150_2002.ini;OSRGrowth;Variable;fTSen;;0;NA;Temperaturfaktor bei der Seneszenzberechnung;
Q:\OSR\INI\ModelLowN\ini\IniFiles\Rosenthal_Patron_150_2002.ini;OSRGrowth;Variable;fW;;1;NA;Faktor für den Einfluss von Trockenstress (Ferreya 2013);
Q:\OSR\INI\ModelLowN\ini\IniFiles\Rosenthal_Patron_150_2002.ini;OSRGrowth;Variable;g;;0;NA;slope of the allometric function;
Q:\OSR\INI\ModelLowN\ini\IniFiles\Rosenthal_Patron_150_2002.ini;OSRGrowth;Variable;h;;0;NA;intercept of the allometric function;
Q:\OSR\INI\ModelLowN\ini\IniFiles\Rosenthal_Patron_150_2002.ini;OSRGrowth;Variable;HI;;0;NA;Harvest-Index;
Q:\OSR\INI\ModelLowN\ini\IniFiles\Rosenthal_Patron_150_2002.ini;OSRGrowth;Variable;KonversionVerlust;;0;NA;Konversionsverlust durch Bildung von Öl statt Stärke;
Q:\OSR\INI\ModelLowN\ini\IniFiles\Rosenthal_Patron_150_2002.ini;OSRGrowth;Variable;LAILeaf_EC70;m²/m²;0;NA;LAI zu EC 70;
Q:\OSR\INI\ModelLowN\ini\IniFiles\Rosenthal_Patron_150_2002.ini;OSRGrowth;Variable;LAIm;m²/m²;0;NA;maximum LAI supported by the available radiation;
Q:\OSR\INI\ModelLowN\ini\IniFiles\Rosenthal_Patron_150_2002.ini;OSRGrowth;Variable;LUE;g/MJ;0;NA;radiation-use efficiency;
Q:\OSR\INI\ModelLowN\ini\IniFiles\Rosenthal_Patron_150_2002.ini;OSRGrowth;Variable;LUEGen;g/MJ;0;NA;Lichtnutzungseffizienz Schoten;
Q:\OSR\INI\ModelLowN\ini\IniFiles\Rosenthal_Patron_150_2002.ini;OSRGrowth;Variable;maxfRoot;;0;NA;maximum fraction of root growth;
Q:\OSR\INI\ModelLowN\ini\IniFiles\Rosenthal_Patron_150_2002.ini;OSRGrowth;Variable;maxGAI;m²/m²;0;NA;max. GAI;
Q:\OSR\INI\ModelLowN\ini\IniFiles\Rosenthal_Patron_150_2002.ini;OSRGrowth;Variable;maxLAIGen;m²/m²;0;NA;max. PAI;
Q:\OSR\INI\ModelLowN\ini\IniFiles\Rosenthal_Patron_150_2002.ini;OSRGrowth;Variable;maxLAIStem;m²/m²;0;NA;max. SAI;
Q:\OSR\INI\ModelLowN\ini\IniFiles\Rosenthal_Patron_150_2002.ini;OSRGrowth;Variable;N_Def;;0;NA;N-Defizitfaktor (Verhältnis von N-Bedarf und N-Aufnahme);
Q:\OSR\INI\ModelLowN\ini\IniFiles\Rosenthal_Patron_150_2002.ini;OSRGrowth;Variable;NcGen;%;0;NA;generative N-Konzentration;
Q:\OSR\INI\ModelLowN\ini\IniFiles\Rosenthal_Patron_150_2002.ini;OSRGrowth;Variable;NcGen_act;%;0;NA;aktuelle N-Konzentration der Schoten;
Q:\OSR\INI\ModelLowN\ini\IniFiles\Rosenthal_Patron_150_2002.ini;OSRGrowth;Variable;NcLeaf;%;0;NA;leaf N concentration;
Q:\OSR\INI\ModelLowN\ini\IniFiles\Rosenthal_Patron_150_2002.ini;OSRGrowth;Variable;NcLeaf_act;%;0;NA;aktuelle N-Konzentration der Blätter;
Q:\OSR\INI\ModelLowN\ini\IniFiles\Rosenthal_Patron_150_2002.ini;OSRGrowth;Variable;NcLeaf_VA;%;0;NA;Blatt N-Konzentration zu Vegetationsbeginn;
Q:\OSR\INI\ModelLowN\ini\IniFiles\Rosenthal_Patron_150_2002.ini;OSRGrowth;Variable;NcritGen;%;0;NA;kritische N-Konz Schoten;
Q:\OSR\INI\ModelLowN\ini\IniFiles\Rosenthal_Patron_150_2002.ini;OSRGrowth;Variable;NcritLeaf;%;0;NA;kritische N-Konz Blätter;
Q:\OSR\INI\ModelLowN\ini\IniFiles\Rosenthal_Patron_150_2002.ini;OSRGrowth;Variable;NcritLeaf_VA;%;0;NA;kritische N-Konz Blätter VA;
Q:\OSR\INI\ModelLowN\ini\IniFiles\Rosenthal_Patron_150_2002.ini;OSRGrowth;Variable;NcritRoot;%;0;NA;kritische N-Konz Wurzeln;
Q:\OSR\INI\ModelLowN\ini\IniFiles\Rosenthal_Patron_150_2002.ini;OSRGrowth;Variable;NcritRoot_EC70;%;0;NA;kritische N-Konz Wurzeln EC70;
Q:\OSR\INI\ModelLowN\ini\IniFiles\Rosenthal_Patron_150_2002.ini;OSRGrowth;Variable;NcritRoot_VA;%;0;NA;kritische N-Konz Wurzeln Vegetationsanfang;
Q:\OSR\INI\ModelLowN\ini\IniFiles\Rosenthal_Patron_150_2002.ini;OSRGrowth;Variable;NcritStem;%;0;NA;kritische N-Konz Stängel;
Q:\OSR\INI\ModelLowN\ini\IniFiles\Rosenthal_Patron_150_2002.ini;OSRGrowth;Variable;NcritStem_EC70;%;0;NA;kritische N-Konz Stängel EC70;
Q:\OSR\INI\ModelLowN\ini\IniFiles\Rosenthal_Patron_150_2002.ini;OSRGrowth;Variable;NcritStem_VA;%;0;NA;kritische N-Konz Stängel VA;
Q:\OSR\INI\ModelLowN\ini\IniFiles\Rosenthal_Patron_150_2002.ini;OSRGrowth;Variable;NcRoot;%;0;NA;Wurzel N-Konzentration;
Q:\OSR\INI\ModelLowN\ini\IniFiles\Rosenthal_Patron_150_2002.ini;OSRGrowth;Variable;NcRoot_act;%;0;NA;aktuelle N-Konzentration der Wurzeln;
Q:\OSR\INI\ModelLowN\ini\IniFiles\Rosenthal_Patron_150_2002.ini;OSRGrowth;Variable;NcRoot_EC70;%;0;NA;Wurzel N-Konzentration bei EC 70;
Q:\OSR\INI\ModelLowN\ini\IniFiles\Rosenthal_Patron_150_2002.ini;OSRGrowth;Variable;NcRoot_VA;%;0;NA;Wurzel N-Konzentration Vegetationsanfang;
Q:\OSR\INI\ModelLowN\ini\IniFiles\Rosenthal_Patron_150_2002.ini;OSRGrowth;Variable;NcStem;%;0;NA;stem N concentration;
Q:\OSR\INI\ModelLowN\ini\IniFiles\Rosenthal_Patron_150_2002.ini;OSRGrowth;Variable;NcStem_act;%;0;NA;aktuelle N-Konzentration der Stängel;
Q:\OSR\INI\ModelLowN\ini\IniFiles\Rosenthal_Patron_150_2002.ini;OSRGrowth;Variable;NcStem_EC70;%;0;NA;Stängel N-Konzentration bei EC 70;
Q:\OSR\INI\ModelLowN\ini\IniFiles\Rosenthal_Patron_150_2002.ini;OSRGrowth;Variable;NcStem_VA;%;0;NA;Stängel N-Konzentration zu Vegetationsbeginn;
Q:\OSR\INI\ModelLowN\ini\IniFiles\Rosenthal_Patron_150_2002.ini;OSRGrowth;Variable;NDemandDeficit;g/m²;0;NA;N-Bedarf zum Auffüllen von bestehendem N-Mangel;
Q:\OSR\INI\ModelLowN\ini\IniFiles\Rosenthal_Patron_150_2002.ini;OSRGrowth;Variable;NDemandDeficitGen;g/m²;0;NA;N-Bedarf zum Auffüllen von bestehendem N-Mangel in den Schoten;
Q:\OSR\INI\ModelLowN\ini\IniFiles\Rosenthal_Patron_150_2002.ini;OSRGrowth;Variable;NDemandDeficitLeaf;g/m²;0;NA;N-Bedarf zum Auffüllen von bestehendem N-Mangel in den Blättern;
Q:\OSR\INI\ModelLowN\ini\IniFiles\Rosenthal_Patron_150_2002.ini;OSRGrowth;Variable;NDemandDeficitRoot;g/m²;0;NA;N-Bedarf zum Auffüllen von bestehendem N-Mangel in den Wurzeln;
Q:\OSR\INI\ModelLowN\ini\IniFiles\Rosenthal_Patron_150_2002.ini;OSRGrowth;Variable;NDemandDeficitStem;g/m²;0;NA;N-Bedarf zum Auffüllen von bestehendem N-Mangel in den Stängeln;
Q:\OSR\INI\ModelLowN\ini\IniFiles\Rosenthal_Patron_150_2002.ini;OSRGrowth;Variable;NDemandGrowth;g/m²;0;NA;N-Bedarf für aktuelles Wachstum;
Q:\OSR\INI\ModelLowN\ini\IniFiles\Rosenthal_Patron_150_2002.ini;OSRGrowth;Variable;NHI;;0;NA;Nitrogen Harvest Index;
Q:\OSR\INI\ModelLowN\ini\IniFiles\Rosenthal_Patron_150_2002.ini;OSRGrowth;Variable;NNI;-;1;NA;Nitrogen Nutrition Index;
Q:\OSR\INI\ModelLowN\ini\IniFiles\Rosenthal_Patron_150_2002.ini;OSRGrowth;Variable;NNIGen;-;1;NA;NNI der Schoten;
Q:\OSR\INI\ModelLowN\ini\IniFiles\Rosenthal_Patron_150_2002.ini;OSRGrowth;Variable;NNILeaf;-;1;NA;NNI der Blätter;
Q:\OSR\INI\ModelLowN\ini\IniFiles\Rosenthal_Patron_150_2002.ini;OSRGrowth;Variable;NNIRoot;-;1;NA;NNI der Wurzeln;
Q:\OSR\INI\ModelLowN\ini\IniFiles\Rosenthal_Patron_150_2002.ini;OSRGrowth;Variable;NNIStem;-;1;NA;NNI der Stängel;
Q:\OSR\INI\ModelLowN\ini\IniFiles\Rosenthal_Patron_150_2002.ini;OSRGrowth;Variable;NSupply;g/m²;0;NA;verfügbare N-Menge;
Q:\OSR\INI\ModelLowN\ini\IniFiles\Rosenthal_Patron_150_2002.ini;OSRGrowth;Variable;NUE;;0;NA;Nitrogen Use Efficiency;
Q:\OSR\INI\ModelLowN\ini\IniFiles\Rosenthal_Patron_150_2002.ini;OSRGrowth;Variable;NUptakeRate_pot;gm-2d-1;0;NA;potential N uptake rate (g m-2 d-1);
Q:\OSR\INI\ModelLowN\ini\IniFiles\Rosenthal_Patron_150_2002.ini;OSRGrowth;Variable;PAI;;0;NA;Schotenflächenindex;
Q:\OSR\INI\ModelLowN\ini\IniFiles\Rosenthal_Patron_150_2002.ini;OSRGrowth;Variable;Parav;[-];5;NA;mittlere Einstrahlung von PAR über 5 Tage für den Grenzwert zur Berechnung der Erhaltungsatmung;
Q:\OSR\INI\ModelLowN\ini\IniFiles\Rosenthal_Patron_150_2002.ini;OSRGrowth;Variable;PARRad;W/m²;0;NA;photosynthetically active radiation;
Q:\OSR\INI\ModelLowN\ini\IniFiles\Rosenthal_Patron_150_2002.ini;OSRGrowth;Variable;Q;MJ;0;NA;intercepted radiation;
Q:\OSR\INI\ModelLowN\ini\IniFiles\Rosenthal_Patron_150_2002.ini;OSRGrowth;Variable;QGen;MJ;0;NA;aufgenommene Strahlungsmenge Schoten;
Q:\OSR\INI\ModelLowN\ini\IniFiles\Rosenthal_Patron_150_2002.ini;OSRGrowth;Variable;QLeaf;MJ;0;NA;aufgenommene Strahlungsmenge Blätter;
Q:\OSR\INI\ModelLowN\ini\IniFiles\Rosenthal_Patron_150_2002.ini;OSRGrowth;Variable;QT;MJ;0;NA;temperature-corrected intercepted radiation;
Q:\OSR\INI\ModelLowN\ini\IniFiles\Rosenthal_Patron_150_2002.ini;OSRGrowth;Variable;SAI;;0;NA;Stängelflächeniindex;
Q:\OSR\INI\ModelLowN\ini\IniFiles\Rosenthal_Patron_150_2002.ini;OSRGrowth;Variable;Samenanzahl;m-2;0;NA;Anzahl Samen pro m²;
Q:\OSR\INI\ModelLowN\ini\IniFiles\Rosenthal_Patron_150_2002.ini;OSRGrowth;Variable;SLA;cm²/g;0;NA;Spezifische Blattfläche;
Q:\OSR\INI\ModelLowN\ini\IniFiles\Rosenthal_Patron_150_2002.ini;OSRGrowth;Variable;SLAf;cm²/g;0;NA;SLA im Frühjahr;
Q:\OSR\INI\ModelLowN\ini\IniFiles\Rosenthal_Patron_150_2002.ini;OSRGrowth;Variable;SPA;cm²/g;0;NA;Spezifische Schotenfläche;
Q:\OSR\INI\ModelLowN\ini\IniFiles\Rosenthal_Patron_150_2002.ini;OSRGrowth;Variable;Teff;°C;0;NA;effective temperature;
Q:\OSR\INI\ModelLowN\ini\IniFiles\Rosenthal_Patron_150_2002.ini;OSRGrowth;Variable;TKM;g;0;NA;Tausend-Korn-Masse;
Q:\OSR\INI\ModelLowN\ini\IniFiles\Rosenthal_Patron_150_2002.ini;OSRGrowth;Variable;Tminus;°C;0;NA;temperature below zero;
Q:\OSR\INI\ModelLowN\ini\IniFiles\Rosenthal_Patron_150_2002.ini;OSRGrowth;Variable;Transkoeff;;0;NA;Transmissionskoeffizient Schotenentwicklung;
Q:\OSR\INI\ModelLowN\ini\IniFiles\Rosenthal_Patron_150_2002.ini;OSRGrowth;Parameter;a;;-7.4779;NA;parameter for dry-matter partitioning after EC 51;
Q:\OSR\INI\ModelLowN\ini\IniFiles\Rosenthal_Patron_150_2002.ini;OSRGrowth;Parameter;b;;2.0717;NA;parameter for dry-matter partitioning after EC 51;
Q:\OSR\INI\ModelLowN\ini\IniFiles\Rosenthal_Patron_150_2002.ini;OSRGrowth;Parameter;c;;-0.00281361;NA;parameter for dry-matter partitioning after EC 51;
Q:\OSR\INI\ModelLowN\ini\IniFiles\Rosenthal_Patron_150_2002.ini;OSRGrowth;Parameter;CiCompensation;[ppm];350;NA;;
Q:\OSR\INI\ModelLowN\ini\IniFiles\Rosenthal_Patron_150_2002.ini;OSRGrowth;Parameter;Ct1;°C;3;NA;lower growth temperature;
Q:\OSR\INI\ModelLowN\ini\IniFiles\Rosenthal_Patron_150_2002.ini;OSRGrowth;Parameter;Ct2;°C;10;NA;lower optimum temperature;
Q:\OSR\INI\ModelLowN\ini\IniFiles\Rosenthal_Patron_150_2002.ini;OSRGrowth;Parameter;Ct3;°C;20;NA;upper optimum temperature;
Q:\OSR\INI\ModelLowN\ini\IniFiles\Rosenthal_Patron_150_2002.ini;OSRGrowth;Parameter;Ct4;°C;35;NA;upper growth temperature;
Q:\OSR\INI\ModelLowN\ini\IniFiles\Rosenthal_Patron_150_2002.ini;OSRGrowth;Parameter;d;;-0.216377;NA;parameter for dry-matter partitioning after EC 51;
Q:\OSR\INI\ModelLowN\ini\IniFiles\Rosenthal_Patron_150_2002.ini;OSRGrowth;Parameter;DMcrit;g/m²;5;NA;dry-matter threshold for exponential growth;
Q:\OSR\INI\ModelLowN\ini\IniFiles\Rosenthal_Patron_150_2002.ini;OSRGrowth;Parameter;e;;10.5708;NA;Parameter zur DM-Fraktionierung nach EC51;
Q:\OSR\INI\ModelLowN\ini\IniFiles\Rosenthal_Patron_150_2002.ini;OSRGrowth;Parameter;exk;;0.8;NA;extinction coefficient;
Q:\OSR\INI\ModelLowN\ini\IniFiles\Rosenthal_Patron_150_2002.ini;OSRGrowth;Parameter;exk_0;;0.9;NA;Extinktionskoeffizient bei LAI=0 für variablen Exk.;
Q:\OSR\INI\ModelLowN\ini\IniFiles\Rosenthal_Patron_150_2002.ini;OSRGrowth;Parameter;fCO2;[-];0.086;NA;;
Q:\OSR\INI\ModelLowN\ini\IniFiles\Rosenthal_Patron_150_2002.ini;OSRGrowth;Parameter;fCO2_scale;[-];0.723;NA;;
Q:\OSR\INI\ModelLowN\ini\IniFiles\Rosenthal_Patron_150_2002.ini;OSRGrowth;Parameter;fCWSI;[-];0.077;NA;;
Q:\OSR\INI\ModelLowN\ini\IniFiles\Rosenthal_Patron_150_2002.ini;OSRGrowth;Parameter;fPW_0;;20.7086;NA;Parameter für Ertragsfunktion (fPW);
Q:\OSR\INI\ModelLowN\ini\IniFiles\Rosenthal_Patron_150_2002.ini;OSRGrowth;Parameter;fPW_exp;;-0.193328;NA;Parameter für Ertragsfunktion (fPW);
Q:\OSR\INI\ModelLowN\ini\IniFiles\Rosenthal_Patron_150_2002.ini;OSRGrowth;Parameter;fSLAspring;;19.991;NA;Parameter für die SLA-Berechnung nach EC30 in Abhängigkeit vom GAI;
Q:\OSR\INI\ModelLowN\ini\IniFiles\Rosenthal_Patron_150_2002.ini;OSRGrowth;Parameter;fSws;;0.005;NA;relative loss rate caused by winter senescence;
Q:\OSR\INI\ModelLowN\ini\IniFiles\Rosenthal_Patron_150_2002.ini;OSRGrowth;Parameter;fTminus;°C;20;NA;temperature threshold for winter senescence;
Q:\OSR\INI\ModelLowN\ini\IniFiles\Rosenthal_Patron_150_2002.ini;OSRGrowth;Parameter;gf;;1.1642;NA;Steigungsparameter Allometrie im Frühjahr;
Q:\OSR\INI\ModelLowN\ini\IniFiles\Rosenthal_Patron_150_2002.ini;OSRGrowth;Parameter;gh;;1.1753;NA;slope parameter of the autumn allometric relationship;
Q:\OSR\INI\ModelLowN\ini\IniFiles\Rosenthal_Patron_150_2002.ini;OSRGrowth;Parameter;HarvestDate;[];44433;NA;;
Q:\OSR\INI\ModelLowN\ini\IniFiles\Rosenthal_Patron_150_2002.ini;OSRGrowth;Parameter;hf;;-0.75885;NA;Interzeptparameter Allometrie im Frühjahr;
Q:\OSR\INI\ModelLowN\ini\IniFiles\Rosenthal_Patron_150_2002.ini;OSRGrowth;Parameter;hh;;-1.5763;NA;intercept parameter of the autumn allometric relationship;
Q:\OSR\INI\ModelLowN\ini\IniFiles\Rosenthal_Patron_150_2002.ini;OSRGrowth;Parameter;k1;;0.02;NA;growth rate from EC 10 to EC 13;
Q:\OSR\INI\ModelLowN\ini\IniFiles\Rosenthal_Patron_150_2002.ini;OSRGrowth;Parameter;LAIcrit_exk;m2/m2;1.5;NA;LAIcrit, bei dem Extinktionskoeffizient = exk;
Q:\OSR\INI\ModelLowN\ini\IniFiles\Rosenthal_Patron_150_2002.ini;OSRGrowth;Parameter;LUE0;;3.7;NA;intercept of the pre-winter LUE equation;
Q:\OSR\INI\ModelLowN\ini\IniFiles\Rosenthal_Patron_150_2002.ini;OSRGrowth;Parameter;LUELeaf;g/MJ;2.7076;NA;radiation-use efficiency;
Q:\OSR\INI\ModelLowN\ini\IniFiles\Rosenthal_Patron_150_2002.ini;OSRGrowth;Parameter;LUEPod;;3.7;NA;LUE Schoten;
Q:\OSR\INI\ModelLowN\ini\IniFiles\Rosenthal_Patron_150_2002.ini;OSRGrowth;Parameter;LUEscaling;[-];0.92;NA;for simulatanous scaling of LUEveg and LUEgen;
Q:\OSR\INI\ModelLowN\ini\IniFiles\Rosenthal_Patron_150_2002.ini;OSRGrowth;Parameter;Oila;;1.9837;NA;Parameter zur Berechnung der Ölkonzentration in Abhängigkeit von der Dauer der Samenreifung;
Q:\OSR\INI\ModelLowN\ini\IniFiles\Rosenthal_Patron_150_2002.ini;OSRGrowth;Parameter;Oilb;;12.2836;NA;Parameter zur Berechnung der Ölkonzentration in Abhängigkeit von der Dauer der Samenreifung;
Q:\OSR\INI\ModelLowN\ini\IniFiles\Rosenthal_Patron_150_2002.ini;OSRGrowth;Parameter;Oilc;;-0.00736545;NA;Parameter zur Berechnung der Ölkonzentration in Abhängigkeit von der N-Menge im Samen;
Q:\OSR\INI\ModelLowN\ini\IniFiles\Rosenthal_Patron_150_2002.ini;OSRGrowth;Parameter;Oild;;1.01735;NA;Parameter zur Berechnung der Ölkonzentration in Abhängigkeit von der N-Menge im Samen;
Q:\OSR\INI\ModelLowN\ini\IniFiles\Rosenthal_Patron_150_2002.ini;OSRGrowth;Parameter;Par_ExtCoeffPAR;[-];0.675;NA;Extinction coefficient for PAR (only valid if EvapotranspirationModel uses Option Opt_Exk_Glob = fromPlantModel);
Q:\OSR\INI\ModelLowN\ini\IniFiles\Rosenthal_Patron_150_2002.ini;OSRGrowth;Parameter;Par_Psi2;[cm];200;NA;water potential at which water uptake by the plant starts to decrease;
Q:\OSR\INI\ModelLowN\ini\IniFiles\Rosenthal_Patron_150_2002.ini;OSRGrowth;Parameter;Par_rc0;[s.m-1];50;NA;Canopy resistance at potential transpiration;
Q:\OSR\INI\ModelLowN\ini\IniFiles\Rosenthal_Patron_150_2002.ini;OSRGrowth;Parameter;Par_Weff;[cm];1.01442;NA;effective rooting depth;
Q:\OSR\INI\ModelLowN\ini\IniFiles\Rosenthal_Patron_150_2002.ini;OSRGrowth;Parameter;PARmf;W/m²;0.0105484;NA;maintenance radiation required in spring;
Q:\OSR\INI\ModelLowN\ini\IniFiles\Rosenthal_Patron_150_2002.ini;OSRGrowth;Parameter;PARmh;W/m²;0.592641;NA;maintenance radiation required in autumn;
Q:\OSR\INI\ModelLowN\ini\IniFiles\Rosenthal_Patron_150_2002.ini;OSRGrowth;Parameter;pCn1leaf;;6.632431;NA;intercept preceding DMLeaf;
Q:\OSR\INI\ModelLowN\ini\IniFiles\Rosenthal_Patron_150_2002.ini;OSRGrowth;Parameter;pCn2leaf;;-0.012556;NA;slope of the autumn leaf dilution function;
Q:\OSR\INI\ModelLowN\ini\IniFiles\Rosenthal_Patron_150_2002.ini;OSRGrowth;Parameter;pCncrit1Leaf;;6.0719;NA;kritische Verdünnungsfunktion Blätter ab Schossbeginn;
Q:\OSR\INI\ModelLowN\ini\IniFiles\Rosenthal_Patron_150_2002.ini;OSRGrowth;Parameter;pCncrit2Leaf;;-0.012556;NA;kritische Verdünnungsfunktion Blätter ab Schossbeginn;
Q:\OSR\INI\ModelLowN\ini\IniFiles\Rosenthal_Patron_150_2002.ini;OSRGrowth;Parameter;pCncritLeaf;%;3.33;NA;kritische Verdünnungsfunktion Blätter vor Schossbeginn;
Q:\OSR\INI\ModelLowN\ini\IniFiles\Rosenthal_Patron_150_2002.ini;OSRGrowth;Parameter;pCncritPod1;;7.0322;NA;kritische Verdünnungsfunktion Schoten;
Q:\OSR\INI\ModelLowN\ini\IniFiles\Rosenthal_Patron_150_2002.ini;OSRGrowth;Parameter;pCncritPod2;;-0.87;NA;kritische Verdünnungsfunktion Schoten;
Q:\OSR\INI\ModelLowN\ini\IniFiles\Rosenthal_Patron_150_2002.ini;OSRGrowth;Parameter;pCncritRoot1f;;3.9241;NA;kritische Verdünnungsfunktion Wurzeln ab Schossbeginn;
Q:\OSR\INI\ModelLowN\ini\IniFiles\Rosenthal_Patron_150_2002.ini;OSRGrowth;Parameter;pCncritRoot1h;;2.2755;NA;kritische Verdünnungsfunktion Wurzeln vor Schossbeginn;
Q:\OSR\INI\ModelLowN\ini\IniFiles\Rosenthal_Patron_150_2002.ini;OSRGrowth;Parameter;pCncritRoot2f;;-0.0097;NA;kritische Verdünnungsfunktion Wurzeln ab Schossbeginn;
Q:\OSR\INI\ModelLowN\ini\IniFiles\Rosenthal_Patron_150_2002.ini;OSRGrowth;Parameter;pCncritRoot2h;;-0.138;NA;kritische Verdünnungsfunktion Wurzeln vor Schossbeginn;
Q:\OSR\INI\ModelLowN\ini\IniFiles\Rosenthal_Patron_150_2002.ini;OSRGrowth;Parameter;pCncritStem1f;;5.0809;NA;kritische Verdünnungsfunktion Stängel ab Schossbeginn;
Q:\OSR\INI\ModelLowN\ini\IniFiles\Rosenthal_Patron_150_2002.ini;OSRGrowth;Parameter;pCncritStem1h;;3.9164;NA;kritische Verdünnungsfunktion Stängel vor Schossbeginn;
Q:\OSR\INI\ModelLowN\ini\IniFiles\Rosenthal_Patron_150_2002.ini;OSRGrowth;Parameter;pCncritStem2f;;-0.79152;NA;kritische Verdünnungsfunktion Stängel ab Schossbeginn;
Q:\OSR\INI\ModelLowN\ini\IniFiles\Rosenthal_Patron_150_2002.ini;OSRGrowth;Parameter;pCncritStem2h;;-0.14047;NA;kritische Verdünnungsfunktion Stängel vor Schossbeginn;
Q:\OSR\INI\ModelLowN\ini\IniFiles\Rosenthal_Patron_150_2002.ini;OSRGrowth;Parameter;pCnDead;%;2;NA;N-Konzentration abgestorbener Blätter;
Q:\OSR\INI\ModelLowN\ini\IniFiles\Rosenthal_Patron_150_2002.ini;OSRGrowth;Parameter;pCnleaf;;4.9827;NA;leaf N concentration;
Q:\OSR\INI\ModelLowN\ini\IniFiles\Rosenthal_Patron_150_2002.ini;OSRGrowth;Parameter;pCnPod1;;7.59;NA;Verdünnungsfuktion Schoten;
Q:\OSR\INI\ModelLowN\ini\IniFiles\Rosenthal_Patron_150_2002.ini;OSRGrowth;Parameter;pCnPod2;;-0.74;NA;Verdünnungsfunktion Schoten;
Q:\OSR\INI\ModelLowN\ini\IniFiles\Rosenthal_Patron_150_2002.ini;OSRGrowth;Parameter;pCnRoot;%;3;NA;N-Konzentration Wurzeln;
Q:\OSR\INI\ModelLowN\ini\IniFiles\Rosenthal_Patron_150_2002.ini;OSRGrowth;Parameter;pCnRoot1f;;3.9548;NA;vor eulerscher Zahl Wurzel-Verdünnung;
Q:\OSR\INI\ModelLowN\ini\IniFiles\Rosenthal_Patron_150_2002.ini;OSRGrowth;Parameter;pCnRoot1h;;3.3127;NA;vor eulerscher Zahl Wurzel-Verdünnung;
Q:\OSR\INI\ModelLowN\ini\IniFiles\Rosenthal_Patron_150_2002.ini;OSRGrowth;Parameter;pCnRoot2f;;-0.0059;NA;vor Variablen Wurzel-Verdünnung;
Q:\OSR\INI\ModelLowN\ini\IniFiles\Rosenthal_Patron_150_2002.ini;OSRGrowth;Parameter;pCnRoot2h;;-0.11;NA;vor Variablen Wurzel-Verdünnung;
Q:\OSR\INI\ModelLowN\ini\IniFiles\Rosenthal_Patron_150_2002.ini;OSRGrowth;Parameter;pCnSeed;%;3;NA;N-Konzentration Samen;
Q:\OSR\INI\ModelLowN\ini\IniFiles\Rosenthal_Patron_150_2002.ini;OSRGrowth;Parameter;pCnStem1f;;5.9264;NA;Verdünnungsfunktion Stängel ab Schossbeginn;
Q:\OSR\INI\ModelLowN\ini\IniFiles\Rosenthal_Patron_150_2002.ini;OSRGrowth;Parameter;pCnstem1h;;4.476931;NA;coefficient preceding the exponential term of the autumn stem dilution function;
Q:\OSR\INI\ModelLowN\ini\IniFiles\Rosenthal_Patron_150_2002.ini;OSRGrowth;Parameter;pCnStem2f;;-0.79152;NA;Verdünnungsfunktion Stängel ab Schossbeginn;
Q:\OSR\INI\ModelLowN\ini\IniFiles\Rosenthal_Patron_150_2002.ini;OSRGrowth;Parameter;pCnstem2h;;-0.14047;NA;coefficient preceding the variable in the autumn stem dilution function;
Q:\OSR\INI\ModelLowN\ini\IniFiles\Rosenthal_Patron_150_2002.ini;OSRGrowth;Parameter;pCnTrans;;0.65;NA;Anteil N-Menge, der aus seneszenten Blättern transloziert wird;
Q:\OSR\INI\ModelLowN\ini\IniFiles\Rosenthal_Patron_150_2002.ini;OSRGrowth;Parameter;pfTm_opt;°C;20;NA;Optimaltemperatur für fTm nach Arrhenius;
Q:\OSR\INI\ModelLowN\ini\IniFiles\Rosenthal_Patron_150_2002.ini;OSRGrowth;Parameter;pfTm_Q10;;2;NA;Q10-Wert für fTm nach Arrhenius;
Q:\OSR\INI\ModelLowN\ini\IniFiles\Rosenthal_Patron_150_2002.ini;OSRGrowth;Parameter;pfW;[-];1.5;NA;parameter for none linear relation between Tansratio and SWDF (Ferreyra 2003);
Q:\OSR\INI\ModelLowN\ini\IniFiles\Rosenthal_Patron_150_2002.ini;OSRGrowth;Parameter;pIniLAI;cm2/plant;0.728412;NA;LAI nach Auflaufen bei InitOption LAIInit [cm²/Pflanze];
Q:\OSR\INI\ModelLowN\ini\IniFiles\Rosenthal_Patron_150_2002.ini;OSRGrowth;Parameter;Plants;m-2;45;NA;Pflanzen pro m²;
Q:\OSR\INI\ModelLowN\ini\IniFiles\Rosenthal_Patron_150_2002.ini;OSRGrowth;Parameter;pSen_sh;;3;NA;Anzahl Tage, über die PARm gemittelt wird;
Q:\OSR\INI\ModelLowN\ini\IniFiles\Rosenthal_Patron_150_2002.ini;OSRGrowth;Parameter;pSen_sh_w;;1;NA;Exponent für Wirkung des Faktors fSen_sh;
Q:\OSR\INI\ModelLowN\ini\IniFiles\Rosenthal_Patron_150_2002.ini;OSRGrowth;Parameter;root_exp;;-0.0024552;NA;Parameter für Exponentialfunktion von DMRoot;
Q:\OSR\INI\ModelLowN\ini\IniFiles\Rosenthal_Patron_150_2002.ini;OSRGrowth;Parameter;rooti;;-1.10E-07;NA;intercept of the root-fraction regression;
Q:\OSR\INI\ModelLowN\ini\IniFiles\Rosenthal_Patron_150_2002.ini;OSRGrowth;Parameter;roots;;0.00046574;NA;slope of the root-fraction regression;
Q:\OSR\INI\ModelLowN\ini\IniFiles\Rosenthal_Patron_150_2002.ini;OSRGrowth;Parameter;SLADead;cm²/g;500;NA;SLA seneszenter Blätter [cm²/g];
Q:\OSR\INI\ModelLowN\ini\IniFiles\Rosenthal_Patron_150_2002.ini;OSRGrowth;Parameter;SLAhin;;318.56;NA;intercept of autumn specific leaf area;
Q:\OSR\INI\ModelLowN\ini\IniFiles\Rosenthal_Patron_150_2002.ini;OSRGrowth;Parameter;SLAhst;;-0.23296;NA;slope parameter of autumn specific leaf area;
Q:\OSR\INI\ModelLowN\ini\IniFiles\Rosenthal_Patron_150_2002.ini;OSRGrowth;Parameter;SLAmax;cm²/g;350;NA;maximum autumn specific leaf area;
Q:\OSR\INI\ModelLowN\ini\IniFiles\Rosenthal_Patron_150_2002.ini;OSRGrowth;Parameter;SLAmin;cm²/g;100;NA;minimum autumn specific leaf area;
Q:\OSR\INI\ModelLowN\ini\IniFiles\Rosenthal_Patron_150_2002.ini;OSRGrowth;Parameter;SLAnB;cm²/g;275;NA;Spezifische Blattfläche nach der Blüte;
Q:\OSR\INI\ModelLowN\ini\IniFiles\Rosenthal_Patron_150_2002.ini;OSRGrowth;Parameter;SLAspring;;107.4;NA;Parameter für die SLA-Berechnung nach EC30 in Abhängigkeit vom GAI;
Q:\OSR\INI\ModelLowN\ini\IniFiles\Rosenthal_Patron_150_2002.ini;OSRGrowth;Parameter;SowingDate;[];37128;NA;Day of sowing;
Q:\OSR\INI\ModelLowN\ini\IniFiles\Rosenthal_Patron_150_2002.ini;OSRGrowth;Parameter;SPA_Exp;;-0.0206986;NA;Parameter für Exponentialfunktion von SPA;
Q:\OSR\INI\ModelLowN\ini\IniFiles\Rosenthal_Patron_150_2002.ini;OSRGrowth;Parameter;SPAmax;cm²/g;60;NA;Maximale spezifische Schotenfläche;
Q:\OSR\INI\ModelLowN\ini\IniFiles\Rosenthal_Patron_150_2002.ini;OSRGrowth;Parameter;SSA;cm²/g;18.635;NA;specific stem area;
Q:\OSR\INI\ModelLowN\ini\IniFiles\Rosenthal_Patron_150_2002.ini;OSRGrowth;Parameter;Tb;°C;3;NA;base temperature;
Q:\OSR\INI\ModelLowN\ini\IniFiles\Rosenthal_Patron_150_2002.ini;OSRGrowth;Parameter;y1;[-];0.37;NA;Parameter zur Ertragsberechnung (z.Zt. äquivalent zum Harvest-Index);
Q:\OSR\INI\ModelLowN\ini\IniFiles\Rosenthal_Patron_150_2002.ini;OSRGrowth;ExternalValue;DayofYear;;NA;Daylength1;day of year;
Q:\OSR\INI\ModelLowN\ini\IniFiles\Rosenthal_Patron_150_2002.ini;OSRGrowth;ExternalValue;DM;;NA;;shoot dry-matter increment for the ExternDM option;
Q:\OSR\INI\ModelLowN\ini\IniFiles\Rosenthal_Patron_150_2002.ini;OSRGrowth;ExternalValue;DVS;;NA;[DevelopmentOSR1];Development-Stage;
Q:\OSR\INI\ModelLowN\ini\IniFiles\Rosenthal_Patron_150_2002.ini;OSRGrowth;ExternalValue;DVS;;NA;[DevelopmentOSR1];Phänologiestadium;
Q:\OSR\INI\ModelLowN\ini\IniFiles\Rosenthal_Patron_150_2002.ini;OSRGrowth;ExternalValue;EC;;NA;[DevelopmentOSR1];phenological stage;
Q:\OSR\INI\ModelLowN\ini\IniFiles\Rosenthal_Patron_150_2002.ini;OSRGrowth;ExternalValue;LAI;;NA;;LAI used for LUE;
Q:\OSR\INI\ModelLowN\ini\IniFiles\Rosenthal_Patron_150_2002.ini;OSRGrowth;ExternalValue;Rad_Int;[W/mÂ²];NA;q:\weather\ModelLowN\DWD_Intpol_Rosenthal.csv;global radiation;
Q:\OSR\INI\ModelLowN\ini\IniFiles\Rosenthal_Patron_150_2002.ini;OSRGrowth;ExternalValue;TMPM;[Â°C];NA;q:\weather\ModelLowN\DWD_Intpol_Rosenthal.csv;daily mean temperature;
Q:\OSR\INI\ModelLowN\ini\IniFiles\Rosenthal_Patron_150_2002.ini;OSRGrowth;ExternalValue;TransIntRatio;;NA;SoilWaterModel;Verhältnis zwischen potentieller und aktueller Transpiration (berücksichtigt Interzeption);
Q:\OSR\INI\ModelLowN\ini\IniFiles\Rosenthal_Patron_150_2002.ini;OSRGrowth;ExternalValue;TransRatio;;NA;SoilWaterModel;ratio of potential to actual transpiration;
Q:\OSR\INI\ModelLowN\ini\IniFiles\Rosenthal_Patron_150_2002.ini;OSRGrowth;Option;ContOutput; NA;NA;true;Output every time step?;
Q:\OSR\INI\ModelLowN\ini\IniFiles\Rosenthal_Patron_150_2002.ini;OSRGrowth;Option;DMGrowthOption; NA;NA;interndm;intern berechneter DM-Zuwachs oder externe Variable;
Q:\OSR\INI\ModelLowN\ini\IniFiles\Rosenthal_Patron_150_2002.ini;OSRGrowth;Option;DroughtOption; NA;NA;droughtimpact;effect of drought stress on dry-matter growth;
Q:\OSR\INI\ModelLowN\ini\IniFiles\Rosenthal_Patron_150_2002.ini;OSRGrowth;Option;FinalOutput; NA;NA;true;Output of final values in separate file?;
Q:\OSR\INI\ModelLowN\ini\IniFiles\Rosenthal_Patron_150_2002.ini;OSRGrowth;Option;InitOption; NA;NA;laiinit;initialization from exponentially growing dry matter or initial LAI;
Q:\OSR\INI\ModelLowN\ini\IniFiles\Rosenthal_Patron_150_2002.ini;OSRGrowth;Option;LAIOption; NA;NA;internlai;internally calculated LAI or external variable;
Q:\OSR\INI\ModelLowN\ini\IniFiles\Rosenthal_Patron_150_2002.ini;OSRGrowth;Option;NSensOption; NA;NA;n_sensitiv;Wirkung von N-Mangel auf TM-Zuwachs;
Q:\OSR\INI\ModelLowN\ini\IniFiles\Rosenthal_Patron_150_2002.ini;OSRGrowth;Option;optCO2; NA;NA;withco2effect;;
Q:\OSR\INI\ModelLowN\ini\IniFiles\Rosenthal_Patron_150_2002.ini;OSRGrowth;Option;WithRoots; NA;NA;true;Option to flag that root growth is calculated within the component;
;;;;;;;;
;;;;;;;;
;;;;;;;;
;;;;;;;;
;;;;;;;;
;;;;;;;;
;;;;;;;;
;;;;;;;;
;;;;;;;;
;;;;;;;;
;;;;;;;;
;;;;;;;;
;;;;;;;;
;;;;;;;;
;;;;;;;;
;;;;;;;;
;;;;;;;;
;;;;;;;;
;;;;;;;;
;;;;;;;;
;;;;;;;;
;;;;;;;;
;;;;;;;;
;;;;;;;;
;;;;;;;;
;;;;;;;;
;;;;;;;;
;;;;;;;;
;;;;;;;;
;;;;;;;;
;;;;;;;;
;;;;;;;;
;;;;;;;;
;;;;;;;;
;;;;;;;;
;;;;;;;;
;;;;;;;;
;;;;;;;;
;;;;;;;;
;;;;;;;;
;;;;;;;;
;;;;;;;;
;;;;;;;;
;;;;;;;;
;;;;;;;;
;;;;;;;;
;;;;;;;;
;;;;;;;;
;;;;;;;;
;;;;;;;;
;;;;;;;;
;;;;;;;;
;;;;;;;;
;;;;;;;;
;;;;;;;;
;;;;;;;;
;;;;;;;;
;;;;;;;;
;;;;;;;;
;;;;;;;;
;;;;;;;;
;;;;;;;;
;;;;;;;;
;;;;;;;;
;;;;;;;;
;;;;;;;;
;;;;;;;;
;;;;;;;;
;;;;;;;;
;;;;;;;;
;;;;;;;;
;;;;;;;;
;;;;;;;;
;;;;;;;;
;;;;;;;;
;;;;;;;;
;;;;;;;;
;;;;;;;;
;;;;;;;;
;;;;;;;;
;;;;;;;;
;;;;;;;;
;;;;;;;;
;;;;;;;;
;;;;;;;;
;;;;;;;;
;;;;;;;;
;;;;;;;;
;;;;;;;;
;;;;;;;;
;;;;;;;;
;;;;;;;;
;;;;;;;;
;;;;;;;;
;;;;;;;;
;;;;;;;;
;;;;;;;;
;;;;;;;;
;;;;;;;;
;;;;;;;;
;;;;;;;;
;;;;;;;;
;;;;;;;;
;;;;;;;;
;;;;;;;;
;;;;;;;;
;;;;;;;;
;;;;;;;;
;;;;;;;;
;;;;;;;;
;;;;;;;;
;;;;;;;;
;;;;;;;;
;;;;;;;;
;;;;;;;;
;;;;;;;;
;;;;;;;;
;;;;;;;;
;;;;;;;;
;;;;;;;;
;;;;;;;;
;;;;;;;;
;;;;;;;;
;;;;;;;;
;;;;;;;;
;;;;;;;;
;;;;;;;;
;;;;;;;;
;;;;;;;;
;;;;;;;;
;;;;;;;;
;;;;;;;;
;;;;;;;;
;;;;;;;;
;;;;;;;;
;;;;;;;;
;;;;;;;;
;;;;;;;;
;;;;;;;;
;;;;;;;;
;;;;;;;;
;;;;;;;;
;;;;;;;;
;;;;;;;;
;;;;;;;;
;;;;;;;;
;;;;;;;;
;;;;;;;;
;;;;;;;;
;;;;;;;;
;;;;;;;;
;;;;;;;;
;;;;;;;;
;;;;;;;;
;;;;;;;;
;;;;;;;;
;;;;;;;;
;;;;;;;;
;;;;;;;;
;;;;;;;;
;;;;;;;;
;;;;;;;;
;;;;;;;;
;;;;;;;;
;;;;;;;;
;;;;;;;;
;;;;;;;;
;;;;;;;;
;;;;;;;;
;;;;;;;;
;;;;;;;;
;;;;;;;;
;;;;;;;;
;;;;;;;;
;;;;;;;;
;;;;;;;;
;;;;;;;;
;;;;;;;;
;;;;;;;;
;;;;;;;;
;;;;;;;;
;;;;;;;;
;;;;;;;;
;;;;;;;;
;;;;;;;;
;;;;;;;;
;;;;;;;;
;;;;;;;;
;;;;;;;;
;;;;;;;;
;;;;;;;;
;;;;;;;;
;;;;;;;;
;;;;;;;;
;;;;;;;;
;;;;;;;;
;;;;;;;;
;;;;;;;;
;;;;;;;;
;;;;;;;;
;;;;;;;;
;;;;;;;;
;;;;;;;;
;;;;;;;;
;;;;;;;;
;;;;;;;;
;;;;;;;;
;;;;;;;;
;;;;;;;;
;;;;;;;;
;;;;;;;;
;;;;;;;;
;;;;;;;;
;;;;;;;;
;;;;;;;;
;;;;;;;;
;;;;;;;;
;;;;;;;;
;;;;;;;;
;;;;;;;;
;;;;;;;;
;;;;;;;;
;;;;;;;;
;;;;;;;;
;;;;;;;;
;;;;;;;;
;;;;;;;;
;;;;;;;;
;;;;;;;;
;;;;;;;;
;;;;;;;;
;;;;;;;;
;;;;;;;;
;;;;;;;;
;;;;;;;;
;;;;;;;;
;;;;;;;;
;;;;;;;;
;;;;;;;;
;;;;;;;;
;;;;;;;;
;;;;;;;;
;;;;;;;;
;;;;;;;;
;;;;;;;;
;;;;;;;;
;;;;;;;;
;;;;;;;;
;;;;;;;;
;;;;;;;;
;;;;;;;;
;;;;;;;;
;;;;;;;;
;;;;;;;;
;;;;;;;;
;;;;;;;;
;;;;;;;;
;;;;;;;;
;;;;;;;;
;;;;;;;;
;;;;;;;;
;;;;;;;;
;;;;;;;;
;;;;;;;;
;;;;;;;;
;;;;;;;;
;;;;;;;;
;;;;;;;;
;;;;;;;;
;;;;;;;;
;;;;;;;;
;;;;;;;;
;;;;;;;;
;;;;;;;;
;;;;;;;;
;;;;;;;;
;;;;;;;;
;;;;;;;;
;;;;;;;;
;;;;;;;;
;;;;;;;;
;;;;;;;;
;;;;;;;;
;;;;;;;;
;;;;;;;;
;;;;;;;;
;;;;;;;;
;;;;;;;;
;;;;;;;;
;;;;;;;;
;;;;;;;;
;;;;;;;;
;;;;;;;;
;;;;;;;;
;;;;;;;;
;;;;;;;;
;;;;;;;;
;;;;;;;;
;;;;;;;;
;;;;;;;;
;;;;;;;;
;;;;;;;;
;;;;;;;;
;;;;;;;;
;;;;;;;;
;;;;;;;;
;;;;;;;;
;;;;;;;;
;;;;;;;;
;;;;;;;;
;;;;;;;;
;;;;;;;;
;;;;;;;;
;;;;;;;;
;;;;;;;;
;;;;;;;;
;;;;;;;;
;;;;;;;;
;;;;;;;;
;;;;;;;;
;;;;;;;;
;;;;;;;;
;;;;;;;;
;;;;;;;;
;;;;;;;;
;;;;;;;;
;;;;;;;;
;;;;;;;;
;;;;;;;;
;;;;;;;;
;;;;;;;;
;;;;;;;;
;;;;;;;;
;;;;;;;;
;;;;;;;;
;;;;;;;;
;;;;;;;;
;;;;;;;;
;;;;;;;;
;;;;;;;;
;;;;;;;;
;;;;;;;;
;;;;;;;;
;;;;;;;;
;;;;;;;;
;;;;;;;;
;;;;;;;;
;;;;;;;;
;;;;;;;;
;;;;;;;;
;;;;;;;;
;;;;;;;;
;;;;;;;;
;;;;;;;;
;;;;;;;;
;;;;;;;;
;;;;;;;;
;;;;;;;;
;;;;;;;;
;;;;;;;;
;;;;;;;;
;;;;;;;;
;;;;;;;;
;;;;;;;;
;;;;;;;;
;;;;;;;;
;;;;;;;;
;;;;;;;;
;;;;;;;;
;;;;;;;;
;;;;;;;;
;;;;;;;;
;;;;;;;;
;;;;;;;;
;;;;;;;;
;;;;;;;;
;;;;;;;;
;;;;;;;;
;;;;;;;;
;;;;;;;;
;;;;;;;;
;;;;;;;;
;;;;;;;;
;;;;;;;;
;;;;;;;;
;;;;;;;;
;;;;;;;;
;;;;;;;;
;;;;;;;;
;;;;;;;;
;;;;;;;;
;;;;;;;;
;;;;;;;;
;;;;;;;;
;;;;;;;;
;;;;;;;;
;;;;;;;;
;;;;;;;;
;;;;;;;;
;;;;;;;;
;;;;;;;;
;;;;;;;;
;;;;;;;;
;;;;;;;;
;;;;;;;;
;;;;;;;;
;;;;;;;;
;;;;;;;;
;;;;;;;;
;;;;;;;;
;;;;;;;;
;;;;;;;;
;;;;;;;;
;;;;;;;;
;;;;;;;;
;;;;;;;;
;;;;;;;;
;;;;;;;;
;;;;;;;;
;;;;;;;;
;;;;;;;;
;;;;;;;;
;;;;;;;;
;;;;;;;;
;;;;;;;;
;;;;;;;;
;;;;;;;;
;;;;;;;;
;;;;;;;;
;;;;;;;;
;;;;;;;;
;;;;;;;;
;;;;;;;;
;;;;;;;;
;;;;;;;;
;;;;;;;;
;;;;;;;;
;;;;;;;;
;;;;;;;;
;;;;;;;;
;;;;;;;;
;;;;;;;;
;;;;;;;;
;;;;;;;;
;;;;;;;;
;;;;;;;;
;;;;;;;;
;;;;;;;;
;;;;;;;;
;;;;;;;;
;;;;;;;;
;;;;;;;;
;;;;;;;;
;;;;;;;;
;;;;;;;;
;;;;;;;;
;;;;;;;;
;;;;;;;;
;;;;;;;;
;;;;;;;;
;;;;;;;;
;;;;;;;;
;;;;;;;;
;;;;;;;;
;;;;;;;;
;;;;;;;;
;;;;;;;;
;;;;;;;;
;;;;;;;;
;;;;;;;;
;;;;;;;;
;;;;;;;;
;;;;;;;;
;;;;;;;;
;;;;;;;;
;;;;;;;;
;;;;;;;;
;;;;;;;;
;;;;;;;;
;;;;;;;;
;;;;;;;;
;;;;;;;;
;;;;;;;;
;;;;;;;;
;;;;;;;;
;;;;;;;;
;;;;;;;;
;;;;;;;;
;;;;;;;;
;;;;;;;;
;;;;;;;;
;;;;;;;;
;;;;;;;;
;;;;;;;;
;;;;;;;;
;;;;;;;;
;;;;;;;;
;;;;;;;;
;;;;;;;;
;;;;;;;;
;;;;;;;;
;;;;;;;;
;;;;;;;;
;;;;;;;;
;;;;;;;;
;;;;;;;;
;;;;;;;;
;;;;;;;;
;;;;;;;;
;;;;;;;;
;;;;;;;;
;;;;;;;;
;;;;;;;;
;;;;;;;;
;;;;;;;;
;;;;;;;;
;;;;;;;;
;;;;;;;;
;;;;;;;;
;;;;;;;;
;;;;;;;;
;;;;;;;;
;;;;;;;;
;;;;;;;;
;;;;;;;;
;;;;;;;;
;;;;;;;;
;;;;;;;;
;;;;;;;;
;;;;;;;;
;;;;;;;;
;;;;;;;;
;;;;;;;;
;;;;;;;;
;;;;;;;;
;;;;;;;;
;;;;;;;;
;;;;;;;;
;;;;;;;;
;;;;;;;;
;;;;;;;;
;;;;;;;;
;;;;;;;;
;;;;;;;;
;;;;;;;;
;;;;;;;;
;;;;;;;;
;;;;;;;;
;;;;;;;;
;;;;;;;;
;;;;;;;;
;;;;;;;;
;;;;;;;;
;;;;;;;;
;;;;;;;;
;;;;;;;;
;;;;;;;;
;;;;;;;;
;;;;;;;;
;;;;;;;;
;;;;;;;;
;;;;;;;;
;;;;;;;;
;;;;;;;;
;;;;;;;;
;;;;;;;;
;;;;;;;;
;;;;;;;;
;;;;;;;;
;;;;;;;;
;;;;;;;;
;;;;;;;;
;;;;;;;;
;;;;;;;;
;;;;;;;;
;;;;;;;;
;;;;;;;;
;;;;;;;;
;;;;;;;;
;;;;;;;;
;;;;;;;;
;;;;;;;;
;;;;;;;;
;;;;;;;;
;;;;;;;;
;;;;;;;;
;;;;;;;;
;;;;;;;;
;;;;;;;;
;;;;;;;;
;;;;;;;;
;;;;;;;;
;;;;;;;;
;;;;;;;;
;;;;;;;;
;;;;;;;;
;;;;;;;;
;;;;;;;;
;;;;;;;;
;;;;;;;;
;;;;;;;;
;;;;;;;;
;;;;;;;;
;;;;;;;;
;;;;;;;;
;;;;;;;;
;;;;;;;;
;;;;;;;;
;;;;;;;;
;;;;;;;;
;;;;;;;;
;;;;;;;;
;;;;;;;;
;;;;;;;;
;;;;;;;;
;;;;;;;;
;;;;;;;;
;;;;;;;;
;;;;;;;;
;;;;;;;;
;;;;;;;;
;;;;;;;;
;;;;;;;;
;;;;;;;;
;;;;;;;;
;;;;;;;;
;;;;;;;;
;;;;;;;;
;;;;;;;;
;;;;;;;;
;;;;;;;;
;;;;;;;;
;;;;;;;;
;;;;;;;;
;;;;;;;;
;;;;;;;;
;;;;;;;;
;;;;;;;;
;;;;;;;;
;;;;;;;;
;;;;;;;;
;;;;;;;;
;;;;;;;;
;;;;;;;;
;;;;;;;;
;;;;;;;;
;;;;;;;;
;;;;;;;;
;;;;;;;;
;;;;;;;;
;;;;;;;;
;;;;;;;;
;;;;;;;;
;;;;;;;;
;;;;;;;;
;;;;;;;;
;;;;;;;;
;;;;;;;;
;;;;;;;;
;;;;;;;;
;;;;;;;;
;;;;;;;;
;;;;;;;;
;;;;;;;;
;;;;;;;;
;;;;;;;;
;;;;;;;;
;;;;;;;;
;;;;;;;;
;;;;;;;;
;;;;;;;;
;;;;;;;;
;;;;;;;;
;;;;;;;;
;;;;;;;;
;;;;;;;;
;;;;;;;;
;;;;;;;;
;;;;;;;;
;;;;;;;;
;;;;;;;;
;;;;;;;;
;;;;;;;;
;;;;;;;;
;;;;;;;;
;;;;;;;;
;;;;;;;;
;;;;;;;;
;;;;;;;;
;;;;;;;;
;;;;;;;;
;;;;;;;;
;;;;;;;;
;;;;;;;;
;;;;;;;;
;;;;;;;;
;;;;;;;;
;;;;;;;;
;;;;;;;;
;;;;;;;;
;;;;;;;;
;;;;;;;;
;;;;;;;;
;;;;;;;;
;;;;;;;;
;;;;;;;;
;;;;;;;;
;;;;;;;;
;;;;;;;;
;;;;;;;;
;;;;;;;;
;;;;;;;;
;;;;;;;;
;;;;;;;;
;;;;;;;;
;;;;;;;;
;;;;;;;;
;;;;;;;;
;;;;;;;;
;;;;;;;;
;;;;;;;;
;;;;;;;;
;;;;;;;;
;;;;;;;;
;;;;;;;;
;;;;;;;;
;;;;;;;;
;;;;;;;;
;;;;;;;;
;;;;;;;;
;;;;;;;;
;;;;;;;;
;;;;;;;;
;;;;;;;;
;;;;;;;;
;;;;;;;;
;;;;;;;;
;;;;;;;;
;;;;;;;;
;;;;;;;;
;;;;;;;;
;;;;;;;;
;;;;;;;;
;;;;;;;;
;;;;;;;;
;;;;;;;;
;;;;;;;;
;;;;;;;;
;;;;;;;;
;;;;;;;;
;;;;;;;;
;;;;;;;;
;;;;;;;; Potentials: intial soil water matrix potential is provided, Parameter: initial soil water content is calculated from a matrix potential in the first layer.No license found
;;;;;;;;
;;;;;;;;
;;;;;;;;
;;;;;;;;
;;;;;;;;
;;;;;;;;
;;;;;;;;
;;;;;;;;
;;;;;;;;
;;;;;;;;
;;;;;;;;
;;;;;;;;
;;;;;;;;
;;;;;;;;
;;;;;;;;
;;;;;;;;
;;;;;;;;
;;;;;;;;
;;;;;;;;
;;;;;;;;
;;;;;;;;
;;;;;;;;
;;;;;;;;
;;;;;;;;
;;;;;;;;
;;;;;;;;
;;;;;;;;
;;;;;;;;
;;;;;;;;
;;;;;;;;
;;;;;;;;
;;;;;;;;
;;;;;;;;
;;;;;;;;
;;;;;;;;
;;;;;;;;
;;;;;;;;
;;;;;;;;
;;;;;;;;
;;;;;;;;
;;;;;;;;
;;;;;;;;
;;;;;;;;
;;;;;;;;
;;;;;;;;
;;;;;;;;
;;;;;;;;
;;;;;;;;
;;;;;;;;
;;;;;;;;
;;;;;;;;
;;;;;;;;
;;;;;;;;
;;;;;;;;
;;;;;;;;
;;;;;;;;
;;;;;;;;
;;;;;;;;
;;;;;;;;
;;;;;;;;
;;;;;;;;
;;;;;;;;
;;;;;;;;
;;;;;;;;
;;;;;;;;
;;;;;;;;
;;;;;;;;
;;;;;;;;
;;;;;;;;
;;;;;;;;
;;;;;;;;
;;;;;;;;
;;;;;;;;
;;;;;;;;
;;;;;;;;
;;;;;;;;
;;;;;;;;
;;;;;;;;
;;;;;;;;
;;;;;;;;
;;;;;;;;
;;;;;;;;
;;;;;;;;
;;;;;;;;
;;;;;;;;
;;;;;;;;
;;;;;;;;
;;;;;;;;
;;;;;;;;
;;;;;;;;
;;;;;;;;
;;;;;;;;
;;;;;;;;
;;;;;;;;
;;;;;;;;
;;;;;;;;
;;;;;;;;
;;;;;;;;
;;;;;;;;
;;;;;;;;
;;;;;;;;
;;;;;;;;
;;;;;;;;
;;;;;;;;
;;;;;;;;
;;;;;;;;
;;;;;;;;
;;;;;;;;
;;;;;;;;
;;;;;;;;
;;;;;;;;
;;;;;;;;
;;;;;;;;
;;;;;;;;
;;;;;;;;
;;;;;;;;
;;;;;;;;
;;;;;;;;
;;;;;;;;
;;;;;;;;
;;;;;;;;
;;;;;;;;
;;;;;;;;
;;;;;;;;
;;;;;;;;
;;;;;;;;
;;;;;;;;
;;;;;;;;
;;;;;;;;
;;;;;;;;
;;;;;;;;
;;;;;;;;
;;;;;;;;
;;;;;;;;
;;;;;;;;
;;;;;;;;
;;;;;;;;
;;;;;;;;
;;;;;;;;
;;;;;;;;
;;;;;;;;
;;;;;;;;
;;;;;;;;
;;;;;;;;
;;;;;;;;
;;;;;;;;
;;;;;;;;
;;;;;;;;
;;;;;;;;
;;;;;;;;
;;;;;;;;
;;;;;;;;
;;;;;;;;
;;;;;;;;
;;;;;;;;
;;;;;;;;
;;;;;;;;
;;;;;;;;
;;;;;;;;
;;;;;;;;
;;;;;;;;
;;;;;;;;
;;;;;;;;
;;;;;;;;
;;;;;;;;
;;;;;;;;
;;;;;;;;
;;;;;;;;
;;;;;;;;
;;;;;;;;
;;;;;;;;
;;;;;;;;
;;;;;;;;
;;;;;;;;
;;;;;;;;
;;;;;;;;
;;;;;;;;
;;;;;;;;
;;;;;;;;
;;;;;;;;
;;;;;;;;
;;;;;;;;
;;;;;;;;
;;;;;;;;
;;;;;;;;
;;;;;;;;
;;;;;;;;
;;;;;;;;
;;;;;;;;
;;;;;;;;
;;;;;;;;
;;;;;;;;
;;;;;;;;
;;;;;;;;
;;;;;;;;
;;;;;;;;
;;;;;;;;
;;;;;;;;
;;;;;;;;
;;;;;;;;
;;;;;;;;
;;;;;;;;
;;;;;;;;
;;;;;;;;
;;;;;;;;
;;;;;;;;
;;;;;;;;
;;;;;;;;
;;;;;;;;
;;;;;;;;
;;;;;;;;
;;;;;;;;
;;;;;;;;
;;;;;;;;
;;;;;;;;
;;;;;;;;
;;;;;;;;
;;;;;;;;
;;;;;;;;
;;;;;;;;
;;;;;;;;
;;;;;;;;
;;;;;;;;
;;;;;;;;
;;;;;;;;
;;;;;;;;
;;;;;;;;
;;;;;;;;
;;;;;;;;
;;;;;;;;
;;;;;;;;
;;;;;;;;
;;;;;;;;
;;;;;;;;
;;;;;;;;
;;;;;;;;
;;;;;;;;
;;;;;;;;
;;;;;;;;
;;;;;;;;
;;;;;;;;
;;;;;;;;
;;;;;;;;
;;;;;;;;
;;;;;;;;
;;;;;;;;
;;;;;;;;
;;;;;;;;
;;;;;;;;
;;;;;;;;
;;;;;;;;
;;;;;;;;
;;;;;;;;
;;;;;;;;
;;;;;;;;
;;;;;;;;
;;;;;;;;
;;;;;;;;
;;;;;;;;
;;;;;;;;
;;;;;;;;
;;;;;;;;
;;;;;;;;
;;;;;;;;
;;;;;;;;
;;;;;;;;
;;;;;;;;
;;;;;;;;
;;;;;;;;
;;;;;;;;
;;;;;;;;
;;;;;;;;
;;;;;;;;
;;;;;;;;
;;;;;;;;
;;;;;;;;
;;;;;;;;
;;;;;;;;
;;;;;;;;
;;;;;;;;
;;;;;;;;
;;;;;;;;
;;;;;;;;
;;;;;;;;
;;;;;;;;
;;;;;;;;
;;;;;;;;
;;;;;;;;
;;;;;;;;
;;;;;;;;
;;;;;;;;
;;;;;;;;
;;;;;;;;
;;;;;;;;
;;;;;;;;
;;;;;;;;
;;;;;;;;
;;;;;;;;
;;;;;;;;
;;;;;;;;
;;;;;;;;
;;;;;;;;
;;;;;;;;
;;;;;;;;
;;;;;;;;
;;;;;;;;
;;;;;;;;
;;;;;;;;
;;;;;;;;
;;;;;;;;
;;;;;;;;
;;;;;;;;
;;;;;;;;
;;;;;;;;
;;;;;;;;
;;;;;;;;
;;;;;;;;
;;;;;;;;
;;;;;;;;
;;;;;;;;
;;;;;;;;
;;;;;;;;
;;;;;;;;
;;;;;;;;
;;;;;;;;
;;;;;;;;
;;;;;;;;
;;;;;;;;
;;;;;;;;
;;;;;;;;
;;;;;;;;
;;;;;;;;
;;;;;;;;
;;;;;;;;
;;;;;;;;
;;;;;;;;
;;;;;;;;
;;;;;;;;
;;;;;;;;
;;;;;;;;
;;;;;;;;
;;;;;;;;
;;;;;;;;
;;;;;;;;
;;;;;;;;
;;;;;;;;
;;;;;;;;
;;;;;;;;
;;;;;;;;
;;;;;;;;
;;;;;;;;
;;;;;;;;
;;;;;;;;
;;;;;;;;
;;;;;;;;
;;;;;;;;
;;;;;;;;
;;;;;;;;
;;;;;;;;
;;;;;;;;
;;;;;;;;
;;;;;;;;
;;;;;;;;
;;;;;;;;
;;;;;;;;
;;;;;;;;
;;;;;;;;
;;;;;;;;
;;;;;;;;
;;;;;;;;
;;;;;;;;
;;;;;;;;
;;;;;;;;
;;;;;;;;
;;;;;;;;
;;;;;;;;
;;;;;;;;
;;;;;;;;
;;;;;;;;
;;;;;;;;
;;;;;;;;
;;;;;;;;
;;;;;;;;
;;;;;;;;
;;;;;;;;
;;;;;;;;
;;;;;;;;
;;;;;;;;
;;;;;;;;
;;;;;;;;
;;;;;;;;
;;;;;;;;
;;;;;;;;
;;;;;;;;
;;;;;;;;
;;;;;;;;
;;;;;;;;
;;;;;;;;
;;;;;;;;
;;;;;;;;
;;;;;;;;
;;;;;;;;
;;;;;;;;
;;;;;;;;
;;;;;;;;
;;;;;;;;
;;;;;;;;
;;;;;;;;
;;;;;;;;
;;;;;;;;
;;;;;;;;
;;;;;;;;
;;;;;;;;
;;;;;;;;
;;;;;;;;
;;;;;;;;
;;;;;;;;
;;;;;;;;
;;;;;;;;
;;;;;;;;
;;;;;;;;
;;;;;;;;
;;;;;;;;
;;;;;;;;
;;;;;;;;
;;;;;;;;
;;;;;;;;
;;;;;;;;
;;;;;;;;
;;;;;;;;
;;;;;;;;
;;;;;;;;
;;;;;;;;
;;;;;;;;
;;;;;;;;
;;;;;;;;
;;;;;;;;
;;;;;;;;
;;;;;;;;
;;;;;;;;
;;;;;;;;
;;;;;;;;
;;;;;;;;
;;;;;;;;
;;;;;;;;
;;;;;;;;
;;;;;;;;
;;;;;;;;
;;;;;;;;
;;;;;;;;
;;;;;;;;
;;;;;;;;
;;;;;;;;
;;;;;;;;
;;;;;;;;
;;;;;;;;
;;;;;;;;
;;;;;;;;
;;;;;;;;
;;;;;;;;
;;;;;;;;
;;;;;;;;
;;;;;;;;
;;;;;;;;
;;;;;;;;
;;;;;;;;
;;;;;;;;
;;;;;;;;
;;;;;;;;
;;;;;;;;
;;;;;;;;
;;;;;;;;
;;;;;;;;
;;;;;;;;
;;;;;;;;
;;;;;;;;
;;;;;;;;
;;;;;;;;
;;;;;;;;
;;;;;;;;
;;;;;;;;
;;;;;;;;
;;;;;;;;
;;;;;;;;
;;;;;;;;
;;;;;;;;
;;;;;;;;
;;;;;;;;
;;;;;;;;
;;;;;;;;
;;;;;;;;
;;;;;;;;
;;;;;;;;
;;;;;;;;
;;;;;;;;
;;;;;;;;
;;;;;;;;
;;;;;;;;
;;;;;;;;
;;;;;;;;
;;;;;;;;
;;;;;;;;
;;;;;;;;
;;;;;;;;
;;;;;;;;
;;;;;;;;
;;;;;;;;
;;;;;;;;
;;;;;;;;
;;;;;;;;
;;;;;;;;
;;;;;;;;
;;;;;;;;
;;;;;;;;
;;;;;;;;
;;;;;;;;
;;;;;;;;
;;;;;;;;
;;;;;;;;
;;;;;;;;
;;;;;;;;
;;;;;;;;
;;;;;;;;
;;;;;;;;
;;;;;;;;
;;;;;;;;
;;;;;;;;
;;;;;;;;
;;;;;;;;
;;;;;;;;
;;;;;;;;
;;;;;;;;
;;;;;;;;
;;;;;;;;
;;;;;;;;
;;;;;;;;
;;;;;;;;
;;;;;;;;
;;;;;;;;
;;;;;;;;
;;;;;;;;
;;;;;;;;
;;;;;;;;
;;;;;;;;
;;;;;;;;
;;;;;;;;
;;;;;;;;
;;;;;;;;
;;;;;;;;
;;;;;;;;
;;;;;;;;
;;;;;;;;
;;;;;;;;
;;;;;;;;
;;;;;;;;
;;;;;;;;
;;;;;;;;
;;;;;;;;
;;;;;;;;
;;;;;;;;
;;;;;;;;
;;;;;;;;
;;;;;;;;
;;;;;;;;
;;;;;;;;
;;;;;;;;
;;;;;;;;
;;;;;;;;
;;;;;;;;
;;;;;;;;
;;;;;;;;
;;;;;;;;
;;;;;;;;
;;;;;;;;
;;;;;;;;
;;;;;;;;
;;;;;;;;
;;;;;;;;
;;;;;;;;
;;;;;;;;
;;;;;;;;
;;;;;;;;
;;;;;;;;
;;;;;;;;
;;;;;;;;
;;;;;;;;
;;;;;;;;
;;;;;;;;
;;;;;;;;
;;;;;;;;
;;;;;;;;
;;;;;;;;
;;;;;;;;
;;;;;;;;
;;;;;;;;
;;;;;;;;
;;;;;;;;
;;;;;;;;
;;;;;;;;
;;;;;;;;
;;;;;;;;
;;;;;;;;
;;;;;;;;
;;;;;;;;
;;;;;;;;
;;;;;;;;
;;;;;;;;
;;;;;;;;
;;;;;;;;
;;;;;;;;
;;;;;;;;
;;;;;;;;
;;;;;;;;
;;;;;;;;
;;;;;;;;
;;;;;;;;
;;;;;;;;
;;;;;;;;
;;;;;;;;
;;;;;;;;
;;;;;;;;
;;;;;;;;
;;;;;;;;
;;;;;;;;
;;;;;;;;
;;;;;;;;
;;;;;;;;
;;;;;;;;
;;;;;;;;
;;;;;;;;
;;;;;;;;
;;;;;;;;
;;;;;;;;
;;;;;;;;
;;;;;;;;
;;;;;;;;
;;;;;;;;
;;;;;;;;
;;;;;;;;
;;;;;;;;
;;;;;;;;
;;;;;;;;
;;;;;;;;
;;;;;;;;
;;;;;;;;
;;;;;;;;
;;;;;;;;
;;;;;;;;
;;;;;;;;
;;;;;;;;
;;;;;;;;
;;;;;;;;
;;;;;;;;
;;;;;;;;
;;;;;;;;
;;;;;;;;
;;;;;;;;
;;;;;;;;
;;;;;;;;
;;;;;;;;
;;;;;;;;
;;;;;;;;
;;;;;;;;
;;;;;;;;
;;;;;;;;
;;;;;;;;
;;;;;;;;
;;;;;;;;
;;;;;;;;
;;;;;;;;
;;;;;;;;
;;;;;;;;
;;;;;;;;
;;;;;;;;
;;;;;;;;
;;;;;;;;
;;;;;;;;
;;;;;;;;
;;;;;;;;
;;;;;;;;
;;;;;;;;
;;;;;;;;
;;;;;;;;
;;;;;;;;
;;;;;;;;
;;;;;;;;
;;;;;;;;
;;;;;;;;
;;;;;;;;
;;;;;;;;
;;;;;;;;
;;;;;;;;
;;;;;;;;
;;;;;;;;
;;;;;;;;
;;;;;;;;
;;;;;;;;
;;;;;;;;
;;;;;;;;
;;;;;;;;
;;;;;;;;
;;;;;;;;
;;;;;;;;
;;;;;;;;
;;;;;;;;
;;;;;;;;
;;;;;;;;
;;;;;;;;
;;;;;;;;
;;;;;;;;
;;;;;;;;
;;;;;;;;
;;;;;;;;
;;;;;;;;
;;;;;;;;
;;;;;;;;
;;;;;;;;
;;;;;;;;
;;;;;;;;
;;;;;;;;
;;;;;;;;
;;;;;;;;
;;;;;;;;
;;;;;;;;
;;;;;;;;
;;;;;;;;
;;;;;;;;
;;;;;;;;
;;;;;;;;
;;;;;;;;
;;;;;;;;
;;;;;;;;
;;;;;;;;
;;;;;;;;
;;;;;;;;
;;;;;;;;
;;;;;;;;
;;;;;;;;
;;;;;;;;
;;;;;;;;
;;;;;;;;
;;;;;;;;
;;;;;;;;
;;;;;;;;
;;;;;;;;
